Phy_order	ID	haplogroup_shortest	haplogroup_short	haplogroup_long	Yp-Yq_INV	AMPL1-AMPL2_INV	AMPL6-AMPL7_INV
1	HG02984	A	A0	A0a1	0	0	0
2	HG01890	A	A0	A0b	0	0	0
3	HG02647	A	A1	A1a	0	0	1
4	HG02666	A	A1	A1a	0	0	1
5	HG02668	A	A1	A1a	0	0	1
6	HG03225	B	B3	B3	0	0	0
7	NA19043	B	B2	B2a1a1a1	0	0	0
8	NA19384	B	B2	B2b1	0	0	0
9	HG005	D	D1	D1a1a1a	0	0	0
10	NA18952	D	D1	D1a2a1c1	0	1	0
11	NA18983	D	D1	D1a2a1a2b1	0	0	0
12	HG02572	E	E1a	E1a2b1a2	0	0	0
13	HG03248	E	E1a	E1a2b1a1a1	0	0	0
14	HG03098	E	E1a	E1a2a1	0	0	0
15	HG03050	E	E1a	E1a2a1a2	0	0	0
16	NA19239	E	E1a	E1a2a1a1a	0	1	0
17	HG01074	E	E1b1b	E1b1b1a1b1a	0	0	0
18	HG01109	E	E1b1b	E1b1b1a1b1a	0	0	0
19	HG01106	E	E1b1b	E1b1b1b1a1	0	0	0
20	NA19331	E	E1b1b	E1b1b1b2b2a1	0	1	0
21	HG01252	E	E1b1b	E1b1b1b2a1a1	0	0	0
22	HG01457	E	E1b1b	E1b1b1b2a1a4	0	0	0
23	HG03065	E	E1b1a	E1b1a1b1	0	0	0
24	HG02717	E	E1b1a	E1b1a1a1a1c2c3a2a	0	0	0
25	HG03471	E	E1b1a	E1b1a1a1a1c	0	0	0
26	HG02011	E	E1b1a	E1b1a1a1a1c1b	0	0	0
27	HG03371	E	E1b1a	E1b1a1a1a1c1a1a3c1b	0	0	0
28	HG02486	E	E1b1a	E1b1a1a1a1c1a1a	0	0	0
29	HG02965	E	E1b1a	E1b1a1a1a1c1a1a	0	0	0
30	HG03139	E	E1b1a	E1b1a1a1a1c1a1a3a1	0	0	0
31	NA19443	E	E1b1a	E1b1a1a1a1c1a1a3a1	0	0	0
32	NA19317	E	E1b1a	E1b1a1a1a1c1a1a3a1	0	0	0
33	NA19347	E	E1b1a	E1b1a1a1a1c1a1a3a1	0	0	0
34	NA20346	E	E1b1a	E1b1a1a1a2a	0	0	0
35	HG02145	E	E1b1a	E1b1a1a1a2a1	0	0	0
36	HG02258	E	E1b1a	E1b1a1a1a2a1	0	0	0
37	HG02953	E	E1b1a	E1b1a1a1a2a1	0	0	0
38	HG03130	E	E1b1a	E1b1a1a1a2a1	0	0	0
39	HG03521	E	E1b1a	E1b1a1a1a2a1	0	0	0
40	HG02554	E	E1b1a	E1b1a1a1a2a1	0	0	0
41	NA18879	E	E1b1a	E1b1a1a1a2a1	0	0	0
42	HG03209	E	E1b1a	E1b1a1a1a2a1a3b1a	0	0	0
43	NA18522	E	E1b1a	E1b1a1a1a2a1a3b1a	0	0	0
44	NA19700	E	E1b1a	E1b1a1a1a2a1a3b1a	0	0	0
45	HG02055	E	E1b1a	E1b1a1a1a2a1a3b1a	0	0	0
46	NA19705	E	E1b1a	E1b1a1a1a2a1a3b1a1	0	0	0
47	NA18612	C	C2	C2b1a2b	0	0	0
48	NA18620	C	C2	C2b1a2a1a1	0	0	0
49	HG04157	C	C1b	C1b1a1a2a1	0	1	0
50	NA18989	C	C1a	C1a1a1a1a	0	0	0
51	NA18971	C	C1a	C1a1a1b	0	0	0
52	NA18974	C	C1a	C1a1a1b	0	1	0
53	HG02040	F	F	F	0	1	0
54	NA20870	G	G1	G1a1a1b	0	1	0
55	HG03710	G	G2	G2a1a2a	0	0	0
56	HG01099	G	G2	G2a2b2a1a1b1a1b	0	0	0
57	HG03579	G	G2	G2a2b2a1a1c1a1a2a1	0	0	0
58	NA21093	H	H1	H1a1b1a	0	0	0
59	HG04187	H	H1	H1a1a4b2a1	0	0	0
60	HG03009	H	H1	H1a1a4b2c1a1a	0	0	0
61	HG03942	H	H1	H1a1a4b2	0	0	0
62	HG01167	I	I2	I2a1a1a	0	0	0
63	HG00140	I	I1	I1	0	1	0
64	HG00321	I	I1	I1a1b1a4a1a1	0	1	0
65	NA20905	J	J2b	J2b2a	1	2	0
66	HG02492	J	J2a	J2a1a1a2a2b	0	0	0
67	HG02735	J	J2a	J2a1a	0	0	0
68	NA20805	J	J2a	J2a1a1b2a1b1	0	1	0
69	NA20809	J	J2a	J2a1a1b2a1b1	0	1	0
70	HG01255	J	J1	J1	0	0	0
71	HG01258	J	J1	J1	0	0	0
72	HG01433	J	J1	J1a2a1a2	0	0	0
73	HG003	J	J1	J1a2a1a2c1a1	0	0	0
74	HG002	J	J1	J1a2a1a2c1a1	0	0	0
75	HG03688	L	L1	L1a1	0	0	0
76	HG04199	L	L1	L1a1	0	0	0
77	HG01192	T	T1	T1a1a1b2b2b1a1a2	0	1	0
78	HG01530	T	T1	T1a2b1a1	0	1	0
79	HG03742	NO	NO	NO[K2a]	0	1	0
80	NA18608	N	N1	N1a2b2a1c	0	0	0
81	NA18747	N	N1	N1a2b2a1c	0	0	0
82	HG00280	N	N1	N1a1a1a1a1a	0	0	0
83	HG00329	N	N1	N1a1a1a1a2a1a1a	0	0	0
84	HG00290	N	N1	N1a1a1a1a2a1a1a1a1a	0	0	0
85	HG00358	N	N1	N1a1a1a1a2a1a1a1a1a	0	0	0
86	HG02015	O	O1a	O1a1a1b1b	0	1	0
87	HG02083	O	O1b	O1b1a1a1a1a1b2	0	0	0
88	HG02514	O	O1b	O1b1a1a1a1a1a1a1a1a1	0	0	0
89	HG02074	O	O1b	O1b1a2c	0	0	0
90	NA18534	O	O1b	O1b1a2b1a	0	0	0
91	HG02027	O	O2a1	O2a1a1a	0	0	0
92	HG02392	O	O2a1	O2a1b2	0	1	0
93	HG00609	O	O2a1	O2a1b1a1a1a	0	0	0
94	HG01596	O	O2a1	O2a1b1a1a1a1c	0	0	0
95	HG00621	O	O2a2b	O2a2b1a1a1	0	0	0
96	HG02391	O	O2a2b	O2a2b1a1a1	0	0	0
97	HG00512	O	O2a2b	O2a2b1a2a1a	0	0	0
98	HG02056	O	O2a2b	O2a2b1a2a1a	0	0	0
99	HG02071	O	O2a2a	O2a2a1a2a1a1	0	0	0
100	HG02135	O	O2a2a	O2a2a1a2a1b	0	0	0
101	HG02129	O	O2a2a	O2a2a1a2a1b	0	0	0
102	HG00673	O	O2a2a	O2a2a1a1a	0	0	0
103	HG00658	O	O2a2a	O2a2a1a1a	0	0	0
104	HG00706	O	O2a2a	O2a2a1a1a	0	0	0
105	HG03654	Q	Q2b	Q2b1a1	0	0	0
106	HG02132	Q	Q1a	Q1a1a	0	0	0
107	HG02698	Q	Q1a	Q1a2a	0	0	0
108	HG01952	Q	Q1b	Q1b1a1a	0	0	0
109	HG01928	Q	Q1b	Q1b1a1a	0	0	0
110	NA19682	Q	Q1b	Q1b1a1a	0	0	0
111	HG03017	R	R2	R2	0	1	0
112	HG03732	R	R2	R2	0	1	0
113	HG04160	R	R2	R2	0	1	0
114	HG04228	R	R1a	R1a1a1b2a1a1a	0	0	0
115	HG04115	R	R1a	R1a1a1b2a1a2c	0	0	0
116	HG02602	R	R1a	R1a1a1b2a1a2c	0	0	1
117	HG04204	R	R1a	R1a1a1b2a1a2c	0	0	0
118	HG03492	R	R1a	R1a1a1b2a1a2c	0	1	0
119	HG02738	R	R1a	R1a1a1b2a1a2c	0	0	0
120	NA20850	R	R1a	R1a1a1b2a1a2c	0	0	0
121	HG00642	R	R1b	R1b	0	0	0
122	200084	R	R1b	R1b1a1b1a1a1c2b2b1a	0	0	0
123	200080	R	R1b	R1b1a1b1a1a1c2b2b1a	0	0	0
124	200085	R	R1b	R1b1a1b1a1a1c2b2b1a	0	0	0
125	HG00096	R	R1b	R1b1a1b1a1a2c1a1f1a2	0	0	0
126	HG01505	R	R1b	R1b1a1b1a1a2c1a4b2d1	0	0	0
127	NA12884	R	R1b	R1b1a1b1a1a2e2	0	0	0
128	NA12883	R	R1b	R1b1a1b1a1a2e2	0	0	0
129	NA12886	R	R1b	R1b1a1b1a1a2e2	0	0	0
130	NA12877	R	R1b	R1b1a1b1a1a2e2	0	0	0
131	NA12882	R	R1b	R1b1a1b1a1a2e2	0	0	0
132	HG01943	R	R1b	R1b1a1b1a1a2b	0	0	0
133	HG01358	R	R1b	R1b1a1b1a1a2b1a1	0	0	0
134	NA19650	R	R1b	R1b1a1b1a1a2b1a1	0	0	0
135	HG00738	R	R1b	R1b1a1b1a1a2b1c2b1a2	0	0	0
136	NA20509	R	R1b	R1b1a1b1a1a2b1a1	0	0	0
137	HG00731	R	R1b	R1b1a1b1a1a2a5	0	0	0
138	HG01243	R	R1b	R1b1a1b1a1a2a5	0	0	0
139	HG00126	R	R1b	R1b1a1b1a1a2a1b1a1	0	0	0
140	NA20752	R	R1b	R1b1a1b1a1a2a1a2	0	0	0
141	HG01261	R	R1b	R1b1a1b1a1a2a1a1a1a	0	0	0
142	HG01934	R	R1b	R1b1a1b1a1a2a1a1a1a1	0	0	0