sample	alias	old_name	new_name	orient	proc_status
HG00126	HG00126	chrY_haplotype1-0000017	HG00126_chrY	1	auto
HG00140	HG00140	chrY_haplotype1-0000004	HG00140_chrY	1	auto
HG00140	HG00140	haplotype1-0000005	HG00140_chrY_random0000005	0	auto
HG00140	HG00140	haplotype2-0000060	HG00140_chrY_random0000060	0	auto
HG00140	HG00140	haplotype2-0000061	HG00140_chrY_random0000061	0	auto
HG00140	HG00140	haplotype2-0000086	HG00140_chrY_random0000086	0	auto
HG002	NA24385	chrY_pat-0000702	HG002_chrY	1	auto
HG00280	HG00280	chrY_haplotype1-0000024	HG00280_chrY	1	auto
HG00280	HG00280	haplotype1-0000029	HG00280_chrY_random0000029	0	auto
HG00280	HG00280	haplotype1-0000030	HG00280_chrY_random0000030	0	auto
HG00280	HG00280	haplotype1-0000038	HG00280_chrY_random0000038	0	auto
HG00280	HG00280	haplotype1-0000071	HG00280_chrY_random0000071	0	auto
HG00280	HG00280	haplotype1-0000072	HG00280_chrY_random0000072	0	auto
HG00290	HG00290	chrY_haplotype1-0000013	HG00290_chrY	1	auto
HG003	NA24143	chrY_haplotype1-0000002	HG003_chrY	1	auto
HG003	NA24143	haplotype1-0000026	HG003_chrY_random0000026	0	auto
HG003	NA24143	haplotype1-0000027	HG003_chrY_random0000027	0	auto
HG003	NA24143	haplotype1-0000053	HG003_chrY_random0000053	0	auto
HG003	NA24143	haplotype1-0000054	HG003_chrY_random0000054	0	auto
HG003	NA24143	haplotype1-0000055	HG003_chrY_random0000055	0	auto
HG003	NA24143	haplotype1-0000056	HG003_chrY_random0000056	0	auto
HG003	NA24143	haplotype1-0000057	HG003_chrY_random0000057	0	auto
HG003	NA24143	haplotype1-0000058	HG003_chrY_random0000058	0	auto
HG003	NA24143	haplotype1-0000091	HG003_chrY_random0000091	0	auto
HG003	NA24143	haplotype1-0000121	HG003_chrY_random0000121	0	auto
HG003	NA24143	haplotype1-0000122	HG003_chrY_random0000122	0	auto
HG003	NA24143	haplotype1-0000124	HG003_chrY_random0000124	0	auto
HG003	NA24143	haplotype1-0000130	HG003_chrY_random0000130	0	auto
HG003	NA24143	haplotype1-0000131	HG003_chrY_random0000131	0	auto
HG003	NA24143	haplotype1-0000132	HG003_chrY_random0000132	0	auto
HG003	NA24143	haplotype2-0000146	HG003_chrY_random0000146	0	auto
HG003	NA24143	unassigned-0000923	HG003_chrY_random0000923	0	auto
HG003	NA24143	unassigned-0000924	HG003_chrY_random0000924	0	auto
HG00321	HG00321	chrY_haplotype2-0000065	HG00321_chrY	1	auto
HG00321	HG00321	chrY_haplotype2-0000041	HG00321_chrY	1	auto
HG00321	HG00321	haplotype1-0000002	HG00321_chrY_random0000002	0	auto
HG00321	HG00321	haplotype1-0000009	HG00321_chrY_random0000009	0	auto
HG00321	HG00321	haplotype1-0000028	HG00321_chrY_random0000028	0	auto
HG00321	HG00321	haplotype1-0000031	HG00321_chrY_random0000031	0	auto
HG00321	HG00321	haplotype1-0000038	HG00321_chrY_random0000038	0	auto
HG00321	HG00321	haplotype2-0000043	HG00321_chrY_random0000043	0	auto
HG00321	HG00321	haplotype2-0000069	HG00321_chrY_random0000069	0	auto
HG00321	HG00321	unassigned-0000167	HG00321_chrY_random0000167	0	auto
HG00321	HG00321	unassigned-0000168	HG00321_chrY_random0000168	0	auto
HG00321	HG00321	unassigned-0000169	HG00321_chrY_random0000169	0	auto
HG00321	HG00321	unassigned-0000170	HG00321_chrY_random0000170	0	auto
HG00321	HG00321	unassigned-0000171	HG00321_chrY_random0000171	0	auto
HG00321	HG00321	unassigned-0000177	HG00321_chrY_random0000177	0	auto
HG00321	HG00321	unassigned-0000586	HG00321_chrY_random0000586	0	auto
HG00321	HG00321	unassigned-0000716	HG00321_chrY_random0000716	0	auto
HG00321	HG00321	unassigned-0000761	HG00321_chrY_random0000761	0	auto
HG00329	HG00329	chrY_haplotype1-0000012	HG00329_chrY	1	auto
HG00329	HG00329	haplotype1-0000035	HG00329_chrY_random0000035	0	auto
HG00329	HG00329	haplotype1-0000036	HG00329_chrY_random0000036	0	auto
HG00329	HG00329	haplotype1-0000037	HG00329_chrY_random0000037	0	auto
HG00329	HG00329	haplotype1-0000039	HG00329_chrY_random0000039	0	auto
HG00329	HG00329	haplotype1-0000046	HG00329_chrY_random0000046	0	auto
HG00329	HG00329	haplotype1-0000053	HG00329_chrY_random0000053	0	auto
HG00329	HG00329	haplotype1-0000064	HG00329_chrY_random0000064	0	auto
HG005	NA24631	chrY_pat-0001218	HG005_chrY	1	auto
HG005	NA24631	chrY_pat-0001233	HG005_chrY	1	auto
HG00609	HG00609	chrY_haplotype1-0000011	HG00609_chrY	1	auto
HG00621	HG00621	chrY_pat-0000611	HG00621_chrY	-1	auto
HG00642	HG00642	chrY_haplotype1-0000004	HG00642_chrY	1	auto
HG00658	HG00658	chrY_pat-0000544	HG00658_chrY	1	auto
HG00658	HG00658	chrY_pat-0000537	HG00658_chrY	1	auto
HG00658	HG00658	pat-0000523	HG00658_chrY_random0000523	0	auto
HG00658	HG00658	pat-0000526	HG00658_chrY_random0000526	0	auto
HG00658	HG00658	pat-0000527	HG00658_chrY_random0000527	0	auto
HG00658	HG00658	pat-0000536	HG00658_chrY_random0000536	0	auto
HG00658	HG00658	pat-0000571	HG00658_chrY_random0000571	0	auto
HG00658	HG00658	pat-0000583	HG00658_chrY_random0000583	0	auto
HG00658	HG00658	pat-0000584	HG00658_chrY_random0000584	0	auto
HG00658	HG00658	pat-0000585	HG00658_chrY_random0000585	0	auto
HG00658	HG00658	pat-0000600	HG00658_chrY_random0000600	0	auto
HG00658	HG00658	pat-0000602	HG00658_chrY_random0000602	0	auto
HG00658	HG00658	pat-0000604	HG00658_chrY_random0000604	0	auto
HG00658	HG00658	pat-0000605	HG00658_chrY_random0000605	0	auto
HG00658	HG00658	pat-0000606	HG00658_chrY_random0000606	0	auto
HG00658	HG00658	pat-0000607	HG00658_chrY_random0000607	0	auto
HG00658	HG00658	pat-0000644	HG00658_chrY_random0000644	0	auto
HG00658	HG00658	pat-0000668	HG00658_chrY_random0000668	0	auto
HG00658	HG00658	pat-0000669	HG00658_chrY_random0000669	0	auto
HG00658	HG00658	pat-0000677	HG00658_chrY_random0000677	0	auto
HG00658	HG00658	pat-0000678	HG00658_chrY_random0000678	0	auto
HG00658	HG00658	pat-0000679	HG00658_chrY_random0000679	0	auto
HG00658	HG00658	pat-0000681	HG00658_chrY_random0000681	0	auto
HG00658	HG00658	pat-0000702	HG00658_chrY_random0000702	0	auto
HG00658	HG00658	pat-0000704	HG00658_chrY_random0000704	0	auto
HG00658	HG00658	pat-0000705	HG00658_chrY_random0000705	0	auto
HG00658	HG00658	pat-0000706	HG00658_chrY_random0000706	0	auto
HG00658	HG00658	pat-0000726	HG00658_chrY_random0000726	0	auto
HG00658	HG00658	pat-0000727	HG00658_chrY_random0000727	0	auto
HG00658	HG00658	pat-0000765	HG00658_chrY_random0000765	0	auto
HG00658	HG00658	pat-0000813	HG00658_chrY_random0000813	0	auto
HG00658	HG00658	pat-0000814	HG00658_chrY_random0000814	0	auto
HG00658	HG00658	pat-0000815	HG00658_chrY_random0000815	0	auto
HG00658	HG00658	pat-0000816	HG00658_chrY_random0000816	0	auto
HG00658	HG00658	pat-0000817	HG00658_chrY_random0000817	0	auto
HG00658	HG00658	pat-0000821	HG00658_chrY_random0000821	0	auto
HG00658	HG00658	pat-0000822	HG00658_chrY_random0000822	0	auto
HG00658	HG00658	pat-0000825	HG00658_chrY_random0000825	0	auto
HG00658	HG00658	pat-0000826	HG00658_chrY_random0000826	0	auto
HG00658	HG00658	pat-0000827	HG00658_chrY_random0000827	0	auto
HG00673	HG00673	chrY_haplotype1-0000012	HG00673_chrY	1	auto
HG00673	HG00673	chrY_haplotype2-0000096	HG00673_chrY	1	auto
HG00673	HG00673	haplotype1-0000004	HG00673_chrY_random0000004	0	auto
HG00673	HG00673	haplotype1-0000006	HG00673_chrY_random0000006	0	auto
HG00673	HG00673	haplotype1-0000007	HG00673_chrY_random0000007	0	auto
HG00673	HG00673	haplotype1-0000037	HG00673_chrY_random0000037	0	auto
HG00673	HG00673	haplotype1-0000047	HG00673_chrY_random0000047	0	auto
HG00673	HG00673	haplotype2-0000109	HG00673_chrY_random0000109	0	auto
HG00673	HG00673	haplotype2-0000139	HG00673_chrY_random0000139	0	auto
HG00673	HG00673	unassigned-0000176	HG00673_chrY_random0000176	0	auto
HG00673	HG00673	unassigned-0000195	HG00673_chrY_random0000195	0	auto
HG00673	HG00673	unassigned-0000196	HG00673_chrY_random0000196	0	auto
HG00673	HG00673	unassigned-0000197	HG00673_chrY_random0000197	0	auto
HG00673	HG00673	unassigned-0000261	HG00673_chrY_random0000261	0	auto
HG00673	HG00673	unassigned-0000262	HG00673_chrY_random0000262	0	auto
HG00673	HG00673	unassigned-0000263	HG00673_chrY_random0000263	0	auto
HG00673	HG00673	unassigned-0000264	HG00673_chrY_random0000264	0	auto
HG00673	HG00673	unassigned-0000265	HG00673_chrY_random0000265	0	auto
HG00673	HG00673	unassigned-0000266	HG00673_chrY_random0000266	0	auto
HG00673	HG00673	unassigned-0000267	HG00673_chrY_random0000267	0	auto
HG00673	HG00673	unassigned-0000268	HG00673_chrY_random0000268	0	auto
HG00673	HG00673	unassigned-0000270	HG00673_chrY_random0000270	0	auto
HG00673	HG00673	unassigned-0000271	HG00673_chrY_random0000271	0	auto
HG00673	HG00673	unassigned-0000273	HG00673_chrY_random0000273	0	auto
HG00673	HG00673	unassigned-0000274	HG00673_chrY_random0000274	0	auto
HG00673	HG00673	unassigned-0000371	HG00673_chrY_random0000371	0	auto
HG00673	HG00673	unassigned-0000372	HG00673_chrY_random0000372	0	auto
HG00673	HG00673	unassigned-0000373	HG00673_chrY_random0000373	0	auto
HG00673	HG00673	unassigned-0000374	HG00673_chrY_random0000374	0	auto
HG00673	HG00673	unassigned-0000395	HG00673_chrY_random0000395	0	auto
HG00673	HG00673	unassigned-0000397	HG00673_chrY_random0000397	0	auto
HG00673	HG00673	unassigned-0000398	HG00673_chrY_random0000398	0	auto
HG00673	HG00673	unassigned-0000399	HG00673_chrY_random0000399	0	auto
HG00673	HG00673	unassigned-0000524	HG00673_chrY_random0000524	0	auto
HG00673	HG00673	unassigned-0000641	HG00673_chrY_random0000641	0	auto
HG00673	HG00673	unassigned-0000685	HG00673_chrY_random0000685	0	auto
HG00673	HG00673	unassigned-0000730	HG00673_chrY_random0000730	0	auto
HG00673	HG00673	unassigned-0000731	HG00673_chrY_random0000731	0	auto
HG00673	HG00673	unassigned-0000732	HG00673_chrY_random0000732	0	auto
HG00673	HG00673	unassigned-0000733	HG00673_chrY_random0000733	0	auto
HG00706	HG00706	chrY_haplotype1-0000020	HG00706_chrY	1	auto
HG00706	HG00706	haplotype2-0000074	HG00706_chrY_random0000074	0	auto
HG00706	HG00706	haplotype2-0000075	HG00706_chrY_random0000075	0	auto
HG00706	HG00706	haplotype2-0000090	HG00706_chrY_random0000090	0	auto
HG00706	HG00706	haplotype2-0000091	HG00706_chrY_random0000091	0	auto
HG00706	HG00706	haplotype2-0000111	HG00706_chrY_random0000111	0	auto
HG00706	HG00706	haplotype2-0000112	HG00706_chrY_random0000112	0	auto
HG00706	HG00706	haplotype2-0000122	HG00706_chrY_random0000122	0	auto
HG00706	HG00706	haplotype2-0000124	HG00706_chrY_random0000124	0	auto
HG00706	HG00706	unassigned-0000560	HG00706_chrY_random0000560	0	auto
HG00706	HG00706	unassigned-0000562	HG00706_chrY_random0000562	0	auto
HG00706	HG00706	unassigned-0000567	HG00706_chrY_random0000567	0	auto
HG00706	HG00706	unassigned-0000568	HG00706_chrY_random0000568	0	auto
HG00706	HG00706	unassigned-0000615	HG00706_chrY_random0000615	0	auto
HG00706	HG00706	unassigned-0000616	HG00706_chrY_random0000616	0	auto
HG00706	HG00706	unassigned-0000617	HG00706_chrY_random0000617	0	auto
HG00706	HG00706	unassigned-0000619	HG00706_chrY_random0000619	0	auto
HG00706	HG00706	unassigned-0000655	HG00706_chrY_random0000655	0	auto
HG00706	HG00706	unassigned-0000656	HG00706_chrY_random0000656	0	auto
HG00706	HG00706	unassigned-0000657	HG00706_chrY_random0000657	0	auto
HG00706	HG00706	unassigned-0000930	HG00706_chrY_random0000930	0	auto
HG00706	HG00706	unassigned-0000961	HG00706_chrY_random0000961	0	auto
HG00706	HG00706	unassigned-0001016	HG00706_chrY_random0001016	0	auto
HG00706	HG00706	unassigned-0001023	HG00706_chrY_random0001023	0	auto
HG00738	HG00738	chrY_pat-0000564	HG00738_chrY	1	auto
HG00738	HG00738	pat-0000713	HG00738_chrY_random0000713	0	auto
HG01074	HG01074	chrY_haplotype1-0000019	HG01074_chrY	1	auto
HG01099	HG01099	chrY_haplotype1-0000025	HG01099_chrY	1	auto
HG01099	HG01099	haplotype1-0000013	HG01099_chrY_random0000013	0	auto
HG01099	HG01099	haplotype2-0000107	HG01099_chrY_random0000107	0	auto
HG01099	HG01099	haplotype2-0000113	HG01099_chrY_random0000113	0	auto
HG01106	HG01106	chrX_mat-0000007	HG01106_chrY	1	auto
HG01106	HG01106	chrY_pat-0000759	HG01106_chrY	1	auto
HG01106	HG01106	mat-0000007	HG01106_chrY_random0000007	0	auto
HG01106	HG01106	pat-0000797	HG01106_chrY_random0000797	0	auto
HG01106	HG01106	pat-0000799	HG01106_chrY_random0000799	0	auto
HG01109	HG01109	chrY_pat-0000969	HG01109_chrY	1	auto
HG01109	HG01109	chrY_pat-0000951	HG01109_chrY	1	auto
HG01109	HG01109	unassigned-0000932	HG01109_chrY_random0000932	0	auto
HG01109	HG01109	pat-0000975	HG01109_chrY_random0000975	0	auto
HG01109	HG01109	pat-0000976	HG01109_chrY_random0000976	0	auto
HG01109	HG01109	pat-0000977	HG01109_chrY_random0000977	0	auto
HG01109	HG01109	pat-0001326	HG01109_chrY_random0001326	0	auto
HG01167	HG01167	haplotype1-0000001	HG01167_chrY	1	manual
HG01192	HG01192	haplotype1-0000011	HG01192_chrY	1	manual
HG01192	HG01192	haplotype1-0000014	HG01192_chrY_random0000014	0	auto
HG01192	HG01192	haplotype1-0000015	HG01192_chrY_random0000015	0	auto
HG01192	HG01192	haplotype1-0000016	HG01192_chrY_random0000016	0	auto
HG01192	HG01192	haplotype1-0000017	HG01192_chrY_random0000017	0	auto
HG01192	HG01192	haplotype1-0000018	HG01192_chrY_random0000018	0	auto
HG01192	HG01192	haplotype1-0000019	HG01192_chrY_random0000019	0	auto
HG01243	HG01243	chrY_haplotype1-0000012	HG01243_chrY	1	auto
HG01243	HG01243	chrY_haplotype1-0000021	HG01243_chrY	1	auto
HG01243	HG01243	haplotype1-0000052	HG01243_chrY_random0000052	0	auto
HG01243	HG01243	haplotype1-0000071	HG01243_chrY_random0000071	0	auto
HG01243	HG01243	haplotype1-0000072	HG01243_chrY_random0000072	0	auto
HG01243	HG01243	haplotype1-0000073	HG01243_chrY_random0000073	0	auto
HG01243	HG01243	haplotype1-0000074	HG01243_chrY_random0000074	0	auto
HG01243	HG01243	haplotype1-0000075	HG01243_chrY_random0000075	0	auto
HG01243	HG01243	haplotype1-0000175	HG01243_chrY_random0000175	0	auto
HG01243	HG01243	haplotype1-0000188	HG01243_chrY_random0000188	0	auto
HG01252	HG01252	chrY_pat-0000532	HG01252_chrY	1	auto
HG01252	HG01252	pat-0000707	HG01252_chrY	1	auto
HG01255	HG01255	chrY_haplotype1-0000016	HG01255_chrY	1	auto
HG01255	HG01255	haplotype2-0000119	HG01255_chrY_random0000119	0	auto
HG01255	HG01255	haplotype2-0000120	HG01255_chrY_random0000120	0	auto
HG01255	HG01255	haplotype2-0000121	HG01255_chrY_random0000121	0	auto
HG01255	HG01255	haplotype2-0000140	HG01255_chrY_random0000140	0	auto
HG01258	HG01258	chrY_pat-0000774	HG01258_chrY	1	auto
HG01261	HG01261	chrY_haplotype1-0000012	HG01261_chrY	1	auto
HG01261	HG01261	haplotype2-0000116	HG01261_chrY_random0000116	0	auto
HG01261	HG01261	haplotype2-0000118	HG01261_chrY_random0000118	0	auto
HG01358	HG01358	chrY_pat-0000434	HG01358_chrY	1	auto
HG01358	HG01358	pat-0000464	HG01358_chrY_random0000464	0	auto
HG01358	HG01358	pat-0000621	HG01358_chrY_random0000621	0	auto
HG01433	HG01433	chrY_pat-0000521	HG01433_chrY	1	auto
HG01433	HG01433	chrY_pat-0000511	HG01433_chrY	1	auto
HG01433	HG01433	chrY_pat-0000498	HG01433_chrY	1	auto
HG01433	HG01433	pat-0000515	HG01433_chrY_random0000515	0	auto
HG01433	HG01433	pat-0000525	HG01433_chrY_random0000525	0	auto
HG01433	HG01433	pat-0000526	HG01433_chrY_random0000526	0	auto
HG01433	HG01433	pat-0000527	HG01433_chrY_random0000527	0	auto
HG01433	HG01433	pat-0000528	HG01433_chrY_random0000528	0	auto
HG01433	HG01433	pat-0000544	HG01433_chrY_random0000544	0	auto
HG01433	HG01433	pat-0000590	HG01433_chrY_random0000590	0	auto
HG01433	HG01433	pat-0000677	HG01433_chrY_random0000677	0	auto
HG01433	HG01433	pat-0000683	HG01433_chrY_random0000683	0	auto
HG01433	HG01433	pat-0000684	HG01433_chrY_random0000684	0	auto
HG01433	HG01433	pat-0000740	HG01433_chrY_random0000740	0	auto
HG01433	HG01433	pat-0000742	HG01433_chrY_random0000742	0	auto
HG01433	HG01433	pat-0000743	HG01433_chrY_random0000743	0	auto
HG01433	HG01433	pat-0000767	HG01433_chrY_random0000767	0	auto
HG01433	HG01433	pat-0000768	HG01433_chrY_random0000768	0	auto
HG01433	HG01433	pat-0000769	HG01433_chrY_random0000769	0	auto
HG01433	HG01433	pat-0000789	HG01433_chrY_random0000789	0	auto
HG01530	HG01530	chrY_haplotype1-0000004	HG01530_chrY	1	auto
HG01530	HG01530	haplotype1-0000028	HG01530_chrY_random0000028	0	auto
HG01928	HG01928	chrY_pat-0000542	HG01928_chrY	1	auto
HG01934	HG01934	chrY_haplotype1-0000010	HG01934_chrY	1	auto
HG01943	HG01943	chrY_haplotype1-0000026	HG01943_chrY	-1	auto
HG01952	HG01952	chrY_haplotype1-0000014	HG01952_chrY	1	auto
HG02015	HG02015	chrY_haplotype1-0000001	HG02015_chrY	1	auto
HG02015	HG02015	chrY_haplotype2-0000121	HG02015_chrY	1	auto
HG02015	HG02015	haplotype1-0000020	HG02015_chrY_random0000020	0	auto
HG02015	HG02015	haplotype1-0000044	HG02015_chrY_random0000044	0	auto
HG02015	HG02015	haplotype1-0000045	HG02015_chrY_random0000045	0	auto
HG02015	HG02015	haplotype1-0000046	HG02015_chrY_random0000046	0	auto
HG02015	HG02015	haplotype1-0000048	HG02015_chrY_random0000048	0	auto
HG02015	HG02015	haplotype1-0000054	HG02015_chrY_random0000054	0	auto
HG02015	HG02015	haplotype1-0000061	HG02015_chrY_random0000061	0	auto
HG02015	HG02015	haplotype1-0000062	HG02015_chrY_random0000062	0	auto
HG02015	HG02015	haplotype1-0000063	HG02015_chrY_random0000063	0	auto
HG02015	HG02015	haplotype1-0000078	HG02015_chrY_random0000078	0	auto
HG02015	HG02015	haplotype1-0000079	HG02015_chrY_random0000079	0	auto
HG02015	HG02015	haplotype1-0000080	HG02015_chrY_random0000080	0	auto
HG02015	HG02015	haplotype1-0000082	HG02015_chrY_random0000082	0	auto
HG02015	HG02015	haplotype1-0000098	HG02015_chrY_random0000098	0	auto
HG02015	HG02015	haplotype1-0000099	HG02015_chrY_random0000099	0	auto
HG02015	HG02015	haplotype2-0000141	HG02015_chrY_random0000141	0	auto
HG02015	HG02015	haplotype2-0000142	HG02015_chrY_random0000142	0	auto
HG02015	HG02015	haplotype2-0000143	HG02015_chrY_random0000143	0	auto
HG02015	HG02015	haplotype2-0000144	HG02015_chrY_random0000144	0	auto
HG02015	HG02015	haplotype2-0000145	HG02015_chrY_random0000145	0	auto
HG02015	HG02015	haplotype2-0000146	HG02015_chrY_random0000146	0	auto
HG02015	HG02015	haplotype2-0000147	HG02015_chrY_random0000147	0	auto
HG02015	HG02015	haplotype2-0000148	HG02015_chrY_random0000148	0	auto
HG02015	HG02015	haplotype2-0000149	HG02015_chrY_random0000149	0	auto
HG02015	HG02015	haplotype2-0000150	HG02015_chrY_random0000150	0	auto
HG02015	HG02015	haplotype2-0000151	HG02015_chrY_random0000151	0	auto
HG02015	HG02015	haplotype2-0000156	HG02015_chrY_random0000156	0	auto
HG02015	HG02015	haplotype2-0000157	HG02015_chrY_random0000157	0	auto
HG02015	HG02015	haplotype2-0000158	HG02015_chrY_random0000158	0	auto
HG02015	HG02015	haplotype2-0000159	HG02015_chrY_random0000159	0	auto
HG02015	HG02015	haplotype2-0000161	HG02015_chrY_random0000161	0	auto
HG02015	HG02015	haplotype2-0000162	HG02015_chrY_random0000162	0	auto
HG02015	HG02015	haplotype2-0000165	HG02015_chrY_random0000165	0	auto
HG02015	HG02015	haplotype2-0000167	HG02015_chrY_random0000167	0	auto
HG02015	HG02015	haplotype2-0000168	HG02015_chrY_random0000168	0	auto
HG02015	HG02015	haplotype2-0000169	HG02015_chrY_random0000169	0	auto
HG02015	HG02015	haplotype2-0000172	HG02015_chrY_random0000172	0	auto
HG02015	HG02015	haplotype2-0000173	HG02015_chrY_random0000173	0	auto
HG02015	HG02015	haplotype2-0000174	HG02015_chrY_random0000174	0	auto
HG02015	HG02015	haplotype2-0000175	HG02015_chrY_random0000175	0	auto
HG02015	HG02015	haplotype2-0000176	HG02015_chrY_random0000176	0	auto
HG02015	HG02015	haplotype2-0000178	HG02015_chrY_random0000178	0	auto
HG02015	HG02015	haplotype2-0000179	HG02015_chrY_random0000179	0	auto
HG02015	HG02015	haplotype2-0000180	HG02015_chrY_random0000180	0	auto
HG02015	HG02015	haplotype2-0000182	HG02015_chrY_random0000182	0	auto
HG02015	HG02015	haplotype2-0000183	HG02015_chrY_random0000183	0	auto
HG02015	HG02015	haplotype2-0000185	HG02015_chrY_random0000185	0	auto
HG02015	HG02015	haplotype2-0000189	HG02015_chrY_random0000189	0	auto
HG02015	HG02015	haplotype2-0000190	HG02015_chrY_random0000190	0	auto
HG02015	HG02015	haplotype2-0000191	HG02015_chrY_random0000191	0	auto
HG02015	HG02015	haplotype2-0000192	HG02015_chrY_random0000192	0	auto
HG02015	HG02015	haplotype2-0000193	HG02015_chrY_random0000193	0	auto
HG02015	HG02015	haplotype2-0000194	HG02015_chrY_random0000194	0	auto
HG02015	HG02015	haplotype2-0000195	HG02015_chrY_random0000195	0	auto
HG02015	HG02015	haplotype2-0000196	HG02015_chrY_random0000196	0	auto
HG02015	HG02015	haplotype2-0000197	HG02015_chrY_random0000197	0	auto
HG02015	HG02015	haplotype2-0000202	HG02015_chrY_random0000202	0	auto
HG02015	HG02015	haplotype2-0000203	HG02015_chrY_random0000203	0	auto
HG02015	HG02015	haplotype2-0000204	HG02015_chrY_random0000204	0	auto
HG02015	HG02015	haplotype2-0000205	HG02015_chrY_random0000205	0	auto
HG02015	HG02015	unassigned-0000648	HG02015_chrY_random0000648	0	auto
HG02015	HG02015	unassigned-0000649	HG02015_chrY_random0000649	0	auto
HG02015	HG02015	unassigned-0000650	HG02015_chrY_random0000650	0	auto
HG02015	HG02015	unassigned-0000678	HG02015_chrY_random0000678	0	auto
HG02015	HG02015	unassigned-0000683	HG02015_chrY_random0000683	0	auto
HG02015	HG02015	unassigned-0000684	HG02015_chrY_random0000684	0	auto
HG02015	HG02015	unassigned-0000692	HG02015_chrY_random0000692	0	auto
HG02015	HG02015	unassigned-0000693	HG02015_chrY_random0000693	0	auto
HG02015	HG02015	unassigned-0000694	HG02015_chrY_random0000694	0	auto
HG02015	HG02015	unassigned-0000695	HG02015_chrY_random0000695	0	auto
HG02015	HG02015	unassigned-0000698	HG02015_chrY_random0000698	0	auto
HG02015	HG02015	unassigned-0000699	HG02015_chrY_random0000699	0	auto
HG02015	HG02015	unassigned-0000706	HG02015_chrY_random0000706	0	auto
HG02015	HG02015	unassigned-0000731	HG02015_chrY_random0000731	0	auto
HG02015	HG02015	unassigned-0000732	HG02015_chrY_random0000732	0	auto
HG02015	HG02015	unassigned-0000749	HG02015_chrY_random0000749	0	auto
HG02015	HG02015	unassigned-0000751	HG02015_chrY_random0000751	0	auto
HG02015	HG02015	unassigned-0000852	HG02015_chrY_random0000852	0	auto
HG02015	HG02015	unassigned-0001230	HG02015_chrY_random0001230	0	auto
HG02015	HG02015	unassigned-0001231	HG02015_chrY_random0001231	0	auto
HG02015	HG02015	unassigned-0001243	HG02015_chrY_random0001243	0	auto
HG02015	HG02015	unassigned-0001244	HG02015_chrY_random0001244	0	auto
HG02015	HG02015	unassigned-0001245	HG02015_chrY_random0001245	0	auto
HG02015	HG02015	unassigned-0001246	HG02015_chrY_random0001246	0	auto
HG02015	HG02015	unassigned-0001247	HG02015_chrY_random0001247	0	auto
HG02027	HG02027	chrY_pat-0000390	HG02027_chrY	1	auto
HG02027	HG02027	pat-0000474	HG02027_chrY_random0000474	0	auto
HG02040	HG02040	chrY_haplotype1-0000017	HG02040_chrY	-1	auto
HG02040	HG02040	haplotype2-0000126	HG02040_chrY_random0000126	0	auto
HG02055	HG02055	chrY_pat-0000629	HG02055_chrY	1	auto
HG02055	HG02055	chrY_pat-0000631	HG02055_chrY	1	auto
HG02055	HG02055	pat-0000876	HG02055_chrY_random0000876	0	auto
HG02056	HG02056	chrY_pat-0000451	HG02056_chrY	1	auto
HG02071	HG02071	chrY_pat-0000661	HG02071_chrY	-1	auto
HG02071	HG02071	pat-0000786	HG02071_chrY_random0000786	0	auto
HG02071	HG02071	pat-0000787	HG02071_chrY_random0000787	0	auto
HG02071	HG02071	pat-0000788	HG02071_chrY_random0000788	0	auto
HG02071	HG02071	pat-0000945	HG02071_chrY_random0000945	0	auto
HG02071	HG02071	pat-0000947	HG02071_chrY_random0000947	0	auto
HG02071	HG02071	pat-0000997	HG02071_chrY_random0000997	0	auto
HG02071	HG02071	pat-0001039	HG02071_chrY_random0001039	0	auto
HG02071	HG02071	pat-0001043	HG02071_chrY_random0001043	0	auto
HG02071	HG02071	pat-0001045	HG02071_chrY_random0001045	0	auto
HG02071	HG02071	pat-0001046	HG02071_chrY_random0001046	0	auto
HG02074	HG02074	chrY_pat-0000739	HG02074_chrY	-1	auto
HG02074	HG02074	pat-0001012	HG02074_chrY_random0001012	0	auto
HG02083	HG02083	chrY_pat-0000362	HG02083_chrY	1	auto
HG02083	HG02083	pat-0000391	HG02083_chrY_random0000391	0	auto
HG02083	HG02083	pat-0000528	HG02083_chrY_random0000528	0	auto
HG02083	HG02083	pat-0000529	HG02083_chrY_random0000529	0	auto
HG02083	HG02083	pat-0000530	HG02083_chrY_random0000530	0	auto
HG02083	HG02083	pat-0000531	HG02083_chrY_random0000531	0	auto
HG02083	HG02083	pat-0000532	HG02083_chrY_random0000532	0	auto
HG02083	HG02083	pat-0000534	HG02083_chrY_random0000534	0	auto
HG02083	HG02083	pat-0000535	HG02083_chrY_random0000535	0	auto
HG02083	HG02083	pat-0000536	HG02083_chrY_random0000536	0	auto
HG02083	HG02083	pat-0000537	HG02083_chrY_random0000537	0	auto
HG02083	HG02083	pat-0000539	HG02083_chrY_random0000539	0	auto
HG02083	HG02083	pat-0000540	HG02083_chrY_random0000540	0	auto
HG02129	HG02129	chrY_haplotype1-0000005	HG02129_chrY	1	auto
HG02129	HG02129	chrY_haplotype2-0000101	HG02129_chrY	1	auto
HG02129	HG02129	haplotype1-0000024	HG02129_chrY_random0000024	0	auto
HG02132	HG02132	chrY_haplotype2-0000165	HG02132_chrY	1	auto
HG02132	HG02132	chrY_haplotype2-0000173	HG02132_chrY	1	auto
HG02132	HG02132	haplotype1-0000022	HG02132_chrY_random0000022	0	auto
HG02132	HG02132	haplotype2-0000156	HG02132_chrY_random0000156	0	auto
HG02132	HG02132	haplotype2-0000182	HG02132_chrY_random0000182	0	auto
HG02132	HG02132	haplotype2-0000184	HG02132_chrY_random0000184	0	auto
HG02132	HG02132	haplotype2-0000185	HG02132_chrY_random0000185	0	auto
HG02132	HG02132	haplotype2-0000186	HG02132_chrY_random0000186	0	auto
HG02132	HG02132	haplotype2-0000250	HG02132_chrY_random0000250	0	auto
HG02132	HG02132	haplotype2-0000258	HG02132_chrY_random0000258	0	auto
HG02132	HG02132	haplotype2-0000259	HG02132_chrY_random0000259	0	auto
HG02132	HG02132	haplotype2-0000260	HG02132_chrY_random0000260	0	auto
HG02132	HG02132	haplotype2-0000262	HG02132_chrY_random0000262	0	auto
HG02132	HG02132	haplotype2-0000310	HG02132_chrY_random0000310	0	auto
HG02132	HG02132	haplotype2-0000313	HG02132_chrY_random0000313	0	auto
HG02132	HG02132	haplotype2-0000314	HG02132_chrY_random0000314	0	auto
HG02132	HG02132	haplotype2-0000316	HG02132_chrY_random0000316	0	auto
HG02132	HG02132	haplotype2-0000318	HG02132_chrY_random0000318	0	auto
HG02132	HG02132	haplotype2-0000350	HG02132_chrY_random0000350	0	auto
HG02132	HG02132	haplotype2-0000353	HG02132_chrY_random0000353	0	auto
HG02132	HG02132	unassigned-0000478	HG02132_chrY_random0000478	0	auto
HG02132	HG02132	unassigned-0000479	HG02132_chrY_random0000479	0	auto
HG02132	HG02132	unassigned-0000584	HG02132_chrY_random0000584	0	auto
HG02132	HG02132	unassigned-0000766	HG02132_chrY_random0000766	0	auto
HG02132	HG02132	unassigned-0000767	HG02132_chrY_random0000767	0	auto
HG02132	HG02132	unassigned-0000779	HG02132_chrY_random0000779	0	auto
HG02132	HG02132	unassigned-0000780	HG02132_chrY_random0000780	0	auto
HG02132	HG02132	unassigned-0000818	HG02132_chrY_random0000818	0	auto
HG02135	HG02135	chrY_pat-0000670	HG02135_chrY	1	auto
HG02135	HG02135	pat-0000980	HG02135_chrY_random0000980	0	auto
HG02145	HG02145	haplotype1-0000075	HG02145_chrY	1	auto
HG02145	HG02145	chrY_haplotype1-0000002	HG02145_chrY	1	auto
HG02145	HG02145	chrY_haplotype1-0000157	HG02145_chrY	1	auto
HG02145	HG02145	chrY_haplotype1-0000004	HG02145_chrY	1	auto
HG02145	HG02145	chrY_haplotype1-0000024	HG02145_chrY	1	auto
HG02145	HG02145	chrY_haplotype2-0000213	HG02145_chrY	-1	auto
HG02145	HG02145	haplotype1-0000061	HG02145_chrY_random0000061	0	auto
HG02145	HG02145	haplotype2-0000220	HG02145_chrY_random0000220	0	auto
HG02145	HG02145	haplotype2-0000221	HG02145_chrY_random0000221	0	auto
HG02145	HG02145	haplotype2-0000237	HG02145_chrY_random0000237	0	auto
HG02145	HG02145	haplotype2-0000255	HG02145_chrY_random0000255	0	auto
HG02145	HG02145	haplotype2-0000258	HG02145_chrY_random0000258	0	auto
HG02145	HG02145	haplotype2-0000265	HG02145_chrY_random0000265	0	auto
HG02145	HG02145	haplotype2-0000295	HG02145_chrY_random0000295	0	auto
HG02145	HG02145	haplotype2-0000306	HG02145_chrY_random0000306	0	auto
HG02145	HG02145	haplotype2-0000307	HG02145_chrY_random0000307	0	auto
HG02145	HG02145	haplotype2-0000310	HG02145_chrY_random0000310	0	auto
HG02145	HG02145	haplotype2-0000419	HG02145_chrY_random0000419	0	auto
HG02145	HG02145	haplotype2-0000426	HG02145_chrY_random0000426	0	auto
HG02145	HG02145	haplotype2-0000443	HG02145_chrY_random0000443	0	auto
HG02145	HG02145	unassigned-0000522	HG02145_chrY_random0000522	0	auto
HG02145	HG02145	unassigned-0000558	HG02145_chrY_random0000558	0	auto
HG02145	HG02145	unassigned-0000560	HG02145_chrY_random0000560	0	auto
HG02145	HG02145	unassigned-0000561	HG02145_chrY_random0000561	0	auto
HG02145	HG02145	unassigned-0001435	HG02145_chrY_random0001435	0	auto
HG02145	HG02145	unassigned-0001436	HG02145_chrY_random0001436	0	auto
HG02145	HG02145	unassigned-0001444	HG02145_chrY_random0001444	0	auto
HG02145	HG02145	unassigned-0001485	HG02145_chrY_random0001485	0	auto
HG02145	HG02145	unassigned-0001487	HG02145_chrY_random0001487	0	auto
HG02145	HG02145	unassigned-0001489	HG02145_chrY_random0001489	0	auto
HG02145	HG02145	unassigned-0001497	HG02145_chrY_random0001497	0	auto
HG02145	HG02145	unassigned-0001505	HG02145_chrY_random0001505	0	auto
HG02145	HG02145	unassigned-0001512	HG02145_chrY_random0001512	0	auto
HG02145	HG02145	unassigned-0001516	HG02145_chrY_random0001516	0	auto
HG02145	HG02145	unassigned-0001735	HG02145_chrY_random0001735	0	auto
HG02145	HG02145	unassigned-0001740	HG02145_chrY_random0001740	0	auto
HG02258	HG02258	chrY_haplotype1-0000016	HG02258_chrY	1	auto
HG02258	HG02258	haplotype1-0000057	HG02258_chrY_random0000057	0	auto
HG02258	HG02258	haplotype1-0000058	HG02258_chrY_random0000058	0	auto
HG02258	HG02258	haplotype1-0000059	HG02258_chrY_random0000059	0	auto
HG02258	HG02258	haplotype1-0000061	HG02258_chrY_random0000061	0	auto
HG02258	HG02258	haplotype1-0000062	HG02258_chrY_random0000062	0	auto
HG02391	HG02391	chrY_haplotype1-0000014	HG02391_chrY	1	auto
HG02391	HG02391	haplotype2-0000093	HG02391_chrY_random0000093	0	auto
HG02392	HG02392	chrY_haplotype1-0000002	HG02392_chrY	1	auto
HG02486	HG02486	pat-0000295	HG02486_chrY	1	manual
HG02514	HG02514	haplotype1-0000011	HG02514_chrY	-1	manual
HG02572	HG02572	chrY_haplotype1-0000021	HG02572_chrY	1	auto
HG02602	HG02602	chrY_pat-0000505	HG02602_chrY	1	auto
HG02602	HG02602	chrY_pat-0000506	HG02602_chrY	-1	auto
HG02602	HG02602	pat-0000577	HG02602_chrY_random0000577	0	auto
HG02602	HG02602	pat-0000578	HG02602_chrY_random0000578	0	auto
HG02602	HG02602	pat-0000579	HG02602_chrY_random0000579	0	auto
HG02602	HG02602	pat-0000581	HG02602_chrY_random0000581	0	auto
HG02602	HG02602	pat-0000582	HG02602_chrY_random0000582	0	auto
HG02602	HG02602	pat-0000668	HG02602_chrY_random0000668	0	auto
HG02602	HG02602	pat-0000669	HG02602_chrY_random0000669	0	auto
HG02602	HG02602	pat-0000674	HG02602_chrY_random0000674	0	auto
HG02602	HG02602	pat-0000675	HG02602_chrY_random0000675	0	auto
HG02602	HG02602	pat-0000676	HG02602_chrY_random0000676	0	auto
HG02602	HG02602	pat-0000677	HG02602_chrY_random0000677	0	auto
HG02602	HG02602	pat-0000678	HG02602_chrY_random0000678	0	auto
HG02602	HG02602	pat-0000679	HG02602_chrY_random0000679	0	auto
HG02647	HG02647	chrY_pat-0000655	HG02647_chrY	-1	auto
HG02647	HG02647	pat-0000803	HG02647_chrY_random0000803	0	auto
HG02647	HG02647	pat-0000804	HG02647_chrY_random0000804	0	auto
HG02668	HG02668	chrY_pat-0000504	HG02668_chrY	-1	auto
HG02668	HG02668	chrY_pat-0000487	HG02668_chrY	1	auto
HG02668	HG02668	pat-0000513	HG02668_chrY_random0000513	0	auto
HG02668	HG02668	pat-0000514	HG02668_chrY_random0000514	0	auto
HG02668	HG02668	pat-0000725	HG02668_chrY_random0000725	0	auto
HG02668	HG02668	pat-0000778	HG02668_chrY_random0000778	0	auto
HG02668	HG02668	pat-0000816	HG02668_chrY_random0000816	0	auto
HG02668	HG02668	pat-0000817	HG02668_chrY_random0000817	0	auto
HG02668	HG02668	pat-0000818	HG02668_chrY_random0000818	0	auto
HG02668	HG02668	pat-0000819	HG02668_chrY_random0000819	0	auto
HG02668	HG02668	pat-0000821	HG02668_chrY_random0000821	0	auto
HG02698	HG02698	chrY_haplotype1-0000017	HG02698_chrY	1	auto
HG02698	HG02698	unassigned-0000246	HG02698_chrY_random0000246	0	auto
HG02698	HG02698	unassigned-0000247	HG02698_chrY_random0000247	0	auto
HG02698	HG02698	unassigned-0000248	HG02698_chrY_random0000248	0	auto
HG02698	HG02698	unassigned-0000557	HG02698_chrY_random0000557	0	auto
HG02717	HG02717	chrY_mat-0000024	HG02717_chrY	1	auto
HG02735	HG02735	chrY_haplotype1-0000003	HG02735_chrY	1	auto
HG02735	HG02735	haplotype2-0000060	HG02735_chrY_random0000060	0	auto
HG02735	HG02735	unassigned-0000366	HG02735_chrY_random0000366	0	auto
HG02735	HG02735	unassigned-0001257	HG02735_chrY_random0001257	0	auto
HG02735	HG02735	unassigned-0001258	HG02735_chrY_random0001258	0	auto
HG02738	HG02738	chrY_pat-0000697	HG02738_chrY	1	auto
HG02965	HG02965	chrY_haplotype1-0000013	HG02965_chrY	1	auto
HG02965	HG02965	chrY_haplotype2-0000167	HG02965_chrY	1	auto
HG02965	HG02965	haplotype1-0000025	HG02965_chrY_random0000025	0	auto
HG02965	HG02965	haplotype1-0000035	HG02965_chrY_random0000035	0	auto
HG02965	HG02965	haplotype1-0000072	HG02965_chrY_random0000072	0	auto
HG02965	HG02965	haplotype1-0000073	HG02965_chrY_random0000073	0	auto
HG02965	HG02965	haplotype1-0000074	HG02965_chrY_random0000074	0	auto
HG02965	HG02965	haplotype1-0000077	HG02965_chrY_random0000077	0	auto
HG02965	HG02965	haplotype2-0000162	HG02965_chrY_random0000162	0	auto
HG02965	HG02965	haplotype2-0000181	HG02965_chrY_random0000181	0	auto
HG02965	HG02965	unassigned-0000228	HG02965_chrY_random0000228	0	auto
HG02965	HG02965	unassigned-0000385	HG02965_chrY_random0000385	0	auto
HG02965	HG02965	unassigned-0000386	HG02965_chrY_random0000386	0	auto
HG02965	HG02965	unassigned-0000390	HG02965_chrY_random0000390	0	auto
HG02965	HG02965	unassigned-0000393	HG02965_chrY_random0000393	0	auto
HG02965	HG02965	unassigned-0000403	HG02965_chrY_random0000403	0	auto
HG02965	HG02965	unassigned-0000530	HG02965_chrY_random0000530	0	auto
HG02965	HG02965	unassigned-0000531	HG02965_chrY_random0000531	0	auto
HG02965	HG02965	unassigned-0000557	HG02965_chrY_random0000557	0	auto
HG02965	HG02965	unassigned-0000558	HG02965_chrY_random0000558	0	auto
HG02965	HG02965	unassigned-0000559	HG02965_chrY_random0000559	0	auto
HG02965	HG02965	unassigned-0000625	HG02965_chrY_random0000625	0	auto
HG02965	HG02965	unassigned-0000626	HG02965_chrY_random0000626	0	auto
HG02965	HG02965	unassigned-0000627	HG02965_chrY_random0000627	0	auto
HG02965	HG02965	unassigned-0000628	HG02965_chrY_random0000628	0	auto
HG02965	HG02965	unassigned-0000629	HG02965_chrY_random0000629	0	auto
HG02984	HG02984	chrY_haplotype1-0000013	HG02984_chrY	-1	auto
HG02984	HG02984	haplotype2-0000151	HG02984_chrY_random0000151	0	auto
HG02984	HG02984	haplotype2-0000152	HG02984_chrY_random0000152	0	auto
HG02984	HG02984	haplotype2-0000186	HG02984_chrY_random0000186	0	auto
HG02984	HG02984	haplotype2-0000188	HG02984_chrY_random0000188	0	auto
HG02984	HG02984	haplotype2-0000189	HG02984_chrY_random0000189	0	auto
HG02984	HG02984	haplotype2-0000190	HG02984_chrY_random0000190	0	auto
HG02984	HG02984	haplotype2-0000191	HG02984_chrY_random0000191	0	auto
HG02984	HG02984	haplotype2-0000203	HG02984_chrY_random0000203	0	auto
HG02984	HG02984	haplotype2-0000206	HG02984_chrY_random0000206	0	auto
HG03017	HG03017	chrY_haplotype1-0000011	HG03017_chrY	-1	auto
HG03050	HG03050	chrY_pat-0000469	HG03050_chrY	1	auto
HG03050	HG03050	pat-0000537	HG03050_chrY_random0000537	0	auto
HG03098	HG03098	chrY_haplotype1-0000004	HG03098_chrY	1	auto
HG03098	HG03098	chrY_haplotype1-0000006	HG03098_chrY	1	auto
HG03098	HG03098	haplotype1-0000029	HG03098_chrY_random0000029	0	auto
HG03098	HG03098	haplotype1-0000031	HG03098_chrY_random0000031	0	auto
HG03098	HG03098	haplotype1-0000033	HG03098_chrY_random0000033	0	auto
HG03098	HG03098	haplotype1-0000034	HG03098_chrY_random0000034	0	auto
HG03098	HG03098	haplotype1-0000035	HG03098_chrY_random0000035	0	auto
HG03098	HG03098	haplotype1-0000036	HG03098_chrY_random0000036	0	auto
HG03098	HG03098	haplotype1-0000037	HG03098_chrY_random0000037	0	auto
HG03098	HG03098	haplotype1-0000038	HG03098_chrY_random0000038	0	auto
HG03098	HG03098	haplotype1-0000039	HG03098_chrY_random0000039	0	auto
HG03098	HG03098	haplotype1-0000040	HG03098_chrY_random0000040	0	auto
HG03098	HG03098	haplotype1-0000041	HG03098_chrY_random0000041	0	auto
HG03098	HG03098	haplotype1-0000042	HG03098_chrY_random0000042	0	auto
HG03098	HG03098	haplotype1-0000043	HG03098_chrY_random0000043	0	auto
HG03098	HG03098	haplotype1-0000044	HG03098_chrY_random0000044	0	auto
HG03098	HG03098	haplotype1-0000045	HG03098_chrY_random0000045	0	auto
HG03098	HG03098	haplotype1-0000046	HG03098_chrY_random0000046	0	auto
HG03098	HG03098	haplotype1-0000047	HG03098_chrY_random0000047	0	auto
HG03098	HG03098	haplotype1-0000048	HG03098_chrY_random0000048	0	auto
HG03098	HG03098	haplotype1-0000049	HG03098_chrY_random0000049	0	auto
HG03098	HG03098	haplotype1-0000050	HG03098_chrY_random0000050	0	auto
HG03098	HG03098	haplotype1-0000051	HG03098_chrY_random0000051	0	auto
HG03098	HG03098	haplotype1-0000055	HG03098_chrY_random0000055	0	auto
HG03098	HG03098	haplotype1-0000056	HG03098_chrY_random0000056	0	auto
HG03098	HG03098	haplotype1-0000058	HG03098_chrY_random0000058	0	auto
HG03098	HG03098	haplotype1-0000059	HG03098_chrY_random0000059	0	auto
HG03098	HG03098	haplotype1-0000060	HG03098_chrY_random0000060	0	auto
HG03098	HG03098	haplotype1-0000062	HG03098_chrY_random0000062	0	auto
HG03098	HG03098	haplotype1-0000063	HG03098_chrY_random0000063	0	auto
HG03098	HG03098	haplotype1-0000064	HG03098_chrY_random0000064	0	auto
HG03098	HG03098	haplotype1-0000068	HG03098_chrY_random0000068	0	auto
HG03098	HG03098	haplotype1-0000069	HG03098_chrY_random0000069	0	auto
HG03098	HG03098	haplotype1-0000070	HG03098_chrY_random0000070	0	auto
HG03098	HG03098	haplotype1-0000071	HG03098_chrY_random0000071	0	auto
HG03098	HG03098	haplotype1-0000072	HG03098_chrY_random0000072	0	auto
HG03098	HG03098	haplotype1-0000083	HG03098_chrY_random0000083	0	auto
HG03098	HG03098	haplotype2-0000091	HG03098_chrY_random0000091	0	auto
HG03130	HG03130	chrY_haplotype1-0000006	HG03130_chrY	1	auto
HG03130	HG03130	chrY_haplotype2-0000110	HG03130_chrY	1	auto
HG03130	HG03130	haplotype1-0000005	HG03130_chrY_random0000005	0	auto
HG03130	HG03130	haplotype1-0000027	HG03130_chrY_random0000027	0	auto
HG03130	HG03130	haplotype2-0000124	HG03130_chrY_random0000124	0	auto
HG03130	HG03130	haplotype2-0000125	HG03130_chrY_random0000125	0	auto
HG03130	HG03130	haplotype2-0000134	HG03130_chrY_random0000134	0	auto
HG03130	HG03130	unassigned-0000514	HG03130_chrY_random0000514	0	auto
HG03130	HG03130	unassigned-0000516	HG03130_chrY_random0000516	0	auto
HG03130	HG03130	unassigned-0000517	HG03130_chrY_random0000517	0	auto
HG03130	HG03130	unassigned-0000520	HG03130_chrY_random0000520	0	auto
HG03130	HG03130	unassigned-0000521	HG03130_chrY_random0000521	0	auto
HG03130	HG03130	unassigned-0000556	HG03130_chrY_random0000556	0	auto
HG03130	HG03130	unassigned-0000557	HG03130_chrY_random0000557	0	auto
HG03130	HG03130	unassigned-0000558	HG03130_chrY_random0000558	0	auto
HG03130	HG03130	unassigned-0000574	HG03130_chrY_random0000574	0	auto
HG03130	HG03130	unassigned-0000861	HG03130_chrY_random0000861	0	auto
HG03130	HG03130	unassigned-0000862	HG03130_chrY_random0000862	0	auto
HG03130	HG03130	unassigned-0000863	HG03130_chrY_random0000863	0	auto
HG03130	HG03130	unassigned-0000864	HG03130_chrY_random0000864	0	auto
HG03130	HG03130	unassigned-0000964	HG03130_chrY_random0000964	0	auto
HG03130	HG03130	unassigned-0000966	HG03130_chrY_random0000966	0	auto
HG03130	HG03130	unassigned-0000967	HG03130_chrY_random0000967	0	auto
HG03139	HG03139	haplotype1-0000013	HG03139_chrY	-1	manual
HG03209	HG03209	chrY_haplotype1-0000002	HG03209_chrY	1	auto
HG03209	HG03209	haplotype1-0000008	HG03209_chrY_random0000008	0	auto
HG03209	HG03209	haplotype2-0000194	HG03209_chrY_random0000194	0	auto
HG03209	HG03209	haplotype2-0000215	HG03209_chrY_random0000215	0	auto
HG03209	HG03209	haplotype2-0000216	HG03209_chrY_random0000216	0	auto
HG03209	HG03209	haplotype2-0000232	HG03209_chrY_random0000232	0	auto
HG03209	HG03209	haplotype2-0000247	HG03209_chrY_random0000247	0	auto
HG03209	HG03209	haplotype2-0000248	HG03209_chrY_random0000248	0	auto
HG03209	HG03209	haplotype2-0000249	HG03209_chrY_random0000249	0	auto
HG03209	HG03209	unassigned-0000300	HG03209_chrY_random0000300	0	auto
HG03225	HG03225	chrY_haplotype1-0000015	HG03225_chrY	-1	auto
HG03471	HG03471	chrY_haplotype1-0000006	HG03471_chrY	1	auto
HG03492	HG03492	chrY_pat-0000829	HG03492_chrY	-1	auto
HG03492	HG03492	chrY_pat-0000828	HG03492_chrY	1	auto
HG03492	HG03492	pat-0000921	HG03492_chrY_random0000921	0	auto
HG03521	HG03521	chrY_haplotype1-0000022	HG03521_chrY	1	auto
HG03521	HG03521	haplotype2-0000125	HG03521_chrY_random0000125	0	auto
HG03521	HG03521	haplotype2-0000188	HG03521_chrY_random0000188	0	auto
HG03521	HG03521	haplotype2-0000192	HG03521_chrY_random0000192	0	auto
HG03521	HG03521	haplotype2-0000193	HG03521_chrY_random0000193	0	auto
HG03521	HG03521	haplotype2-0000198	HG03521_chrY_random0000198	0	auto
HG03521	HG03521	haplotype2-0000199	HG03521_chrY_random0000199	0	auto
HG03521	HG03521	haplotype2-0000200	HG03521_chrY_random0000200	0	auto
HG03521	HG03521	haplotype2-0000201	HG03521_chrY_random0000201	0	auto
HG03521	HG03521	haplotype2-0000202	HG03521_chrY_random0000202	0	auto
HG03579	HG03579	chrY_haplotype1-0000023	HG03579_chrY	1	auto
HG03654	HG03654	chrY_haplotype1-0000012	HG03654_chrY	1	auto
HG03654	HG03654	haplotype2-0000103	HG03654_chrY_random0000103	0	auto
HG03654	HG03654	haplotype2-0000104	HG03654_chrY_random0000104	0	auto
HG03654	HG03654	haplotype2-0000105	HG03654_chrY_random0000105	0	auto
HG03654	HG03654	haplotype2-0000131	HG03654_chrY_random0000131	0	auto
HG03654	HG03654	haplotype2-0000202	HG03654_chrY_random0000202	0	auto
HG03654	HG03654	haplotype2-0000203	HG03654_chrY_random0000203	0	auto
HG03654	HG03654	haplotype2-0000204	HG03654_chrY_random0000204	0	auto
HG03688	HG03688	haplotype1-0000013	HG03688_chrY	1	manual
HG03710	HG03710	chrY_haplotype1-0000009	HG03710_chrY	1	auto
HG03710	HG03710	haplotype2-0000095	HG03710_chrY_random0000095	0	auto
HG03710	HG03710	haplotype2-0000100	HG03710_chrY_random0000100	0	auto
HG03710	HG03710	haplotype2-0000101	HG03710_chrY_random0000101	0	auto
HG03710	HG03710	haplotype2-0000102	HG03710_chrY_random0000102	0	auto
HG03710	HG03710	haplotype2-0000103	HG03710_chrY_random0000103	0	auto
HG03710	HG03710	haplotype2-0000104	HG03710_chrY_random0000104	0	auto
HG03742	HG03742	chrY_haplotype1-0000022	HG03742_chrY	1	auto
HG03742	HG03742	haplotype2-0000092	HG03742_chrY_random0000092	0	auto
HG03742	HG03742	haplotype2-0000093	HG03742_chrY_random0000093	0	auto
HG03742	HG03742	haplotype2-0000108	HG03742_chrY_random0000108	0	auto
HG03742	HG03742	haplotype2-0000109	HG03742_chrY_random0000109	0	auto
HG03742	HG03742	haplotype2-0000115	HG03742_chrY_random0000115	0	auto
HG03742	HG03742	haplotype2-0000116	HG03742_chrY_random0000116	0	auto
HG03742	HG03742	haplotype2-0000117	HG03742_chrY_random0000117	0	auto
HG03742	HG03742	haplotype2-0000122	HG03742_chrY_random0000122	0	auto
HG03742	HG03742	haplotype2-0000142	HG03742_chrY_random0000142	0	auto
HG03742	HG03742	haplotype2-0000143	HG03742_chrY_random0000143	0	auto
HG03742	HG03742	haplotype2-0000144	HG03742_chrY_random0000144	0	auto
HG03742	HG03742	haplotype2-0000146	HG03742_chrY_random0000146	0	auto
HG03742	HG03742	haplotype2-0000147	HG03742_chrY_random0000147	0	auto
HG03742	HG03742	haplotype2-0000148	HG03742_chrY_random0000148	0	auto
HG03942	HG03942	chrY_pat-0000811	HG03942_chrY	-1	auto
HG03942	HG03942	chrY_pat-0000813	HG03942_chrY	1	auto
HG03942	HG03942	pat-0000808	HG03942_chrY_random0000808	0	auto
HG03942	HG03942	pat-0000809	HG03942_chrY_random0000809	0	auto
HG03942	HG03942	pat-0000810	HG03942_chrY_random0000810	0	auto
HG03942	HG03942	pat-0000909	HG03942_chrY_random0000909	0	auto
HG04115	HG04115	chrY_pat-0001036	HG04115_chrY	1	auto
HG04115	HG04115	pat-0001064	HG04115_chrY_random0001064	0	auto
HG04115	HG04115	pat-0001065	HG04115_chrY_random0001065	0	auto
HG04115	HG04115	pat-0001066	HG04115_chrY_random0001066	0	auto
HG04115	HG04115	pat-0001067	HG04115_chrY_random0001067	0	auto
HG04115	HG04115	pat-0001069	HG04115_chrY_random0001069	0	auto
HG04115	HG04115	pat-0001070	HG04115_chrY_random0001070	0	auto
HG04115	HG04115	pat-0001103	HG04115_chrY_random0001103	0	auto
HG04115	HG04115	pat-0001133	HG04115_chrY_random0001133	0	auto
HG04115	HG04115	pat-0001134	HG04115_chrY_random0001134	0	auto
HG04115	HG04115	pat-0001147	HG04115_chrY_random0001147	0	auto
HG04115	HG04115	pat-0001148	HG04115_chrY_random0001148	0	auto
HG04115	HG04115	pat-0001149	HG04115_chrY_random0001149	0	auto
HG04115	HG04115	pat-0001150	HG04115_chrY_random0001150	0	auto
HG04115	HG04115	pat-0001152	HG04115_chrY_random0001152	0	auto
HG04115	HG04115	pat-0001157	HG04115_chrY_random0001157	0	auto
HG04115	HG04115	pat-0001206	HG04115_chrY_random0001206	0	auto
HG04115	HG04115	pat-0001207	HG04115_chrY_random0001207	0	auto
HG04115	HG04115	pat-0001208	HG04115_chrY_random0001208	0	auto
HG04115	HG04115	pat-0001209	HG04115_chrY_random0001209	0	auto
HG04115	HG04115	pat-0001210	HG04115_chrY_random0001210	0	auto
HG04115	HG04115	pat-0001211	HG04115_chrY_random0001211	0	auto
HG04115	HG04115	pat-0001217	HG04115_chrY_random0001217	0	auto
HG04115	HG04115	pat-0001219	HG04115_chrY_random0001219	0	auto
HG04115	HG04115	pat-0001221	HG04115_chrY_random0001221	0	auto
HG04115	HG04115	pat-0001222	HG04115_chrY_random0001222	0	auto
HG04115	HG04115	pat-0001224	HG04115_chrY_random0001224	0	auto
HG04157	HG04157	chrY_haplotype1-0000029	HG04157_chrY	1	auto
HG04157	HG04157	chrY_haplotype1-0000023	HG04157_chrY	1	auto
HG04157	HG04157	chrY_haplotype2-0000084	HG04157_chrY	1	auto
HG04157	HG04157	haplotype2-0000083	HG04157_chrY_random0000083	0	auto
HG04157	HG04157	haplotype2-0000143	HG04157_chrY_random0000143	0	auto
HG04157	HG04157	haplotype2-0000150	HG04157_chrY_random0000150	0	auto
HG04157	HG04157	haplotype2-0000167	HG04157_chrY_random0000167	0	auto
HG04157	HG04157	haplotype2-0000168	HG04157_chrY_random0000168	0	auto
HG04157	HG04157	unassigned-0000769	HG04157_chrY_random0000769	0	auto
HG04157	HG04157	unassigned-0000801	HG04157_chrY_random0000801	0	auto
HG04157	HG04157	unassigned-0000802	HG04157_chrY_random0000802	0	auto
HG04157	HG04157	unassigned-0000821	HG04157_chrY_random0000821	0	auto
HG04157	HG04157	unassigned-0000822	HG04157_chrY_random0000822	0	auto
HG04160	HG04160	chrY_haplotype1-0000022	HG04160_chrY	1	auto
HG04160	HG04160	haplotype1-0000015	HG04160_chrY_random0000015	0	auto
HG04160	HG04160	haplotype2-0000188	HG04160_chrY_random0000188	0	auto
HG04187	HG04187	pat-0000905	HG04187_chrY	1	manual
HG04187	HG04187	pat-0000897	HG04187_chrY_random0000897	0	manual
HG04187	HG04187	pat-0000911	HG04187_chrY_random0000911	0	manual
HG04187	HG04187	pat-0000912	HG04187_chrY_random0000912	0	manual
HG04187	HG04187	pat-0001046	HG04187_chrY_random0001046	0	manual
HG04187	HG04187	pat-0001047	HG04187_chrY_random0001047	0	manual
HG04199	HG04199	chrY_haplotype1-0000001	HG04199_chrY	1	auto
HG04199	HG04199	haplotype2-0000138	HG04199_chrY_random0000138	0	auto
HG04199	HG04199	haplotype2-0000139	HG04199_chrY_random0000139	0	auto
HG04199	HG04199	haplotype2-0000140	HG04199_chrY_random0000140	0	auto
HG04204	HG04204	chrY_haplotype1-0000022	HG04204_chrY	1	auto
HG04204	HG04204	haplotype1-0000146	HG04204_chrY_random0000146	0	auto
HG04204	HG04204	haplotype1-0000147	HG04204_chrY_random0000147	0	auto
HG04204	HG04204	haplotype1-0000148	HG04204_chrY_random0000148	0	auto
HG04228	HG04228	chrY_haplotype1-0000011	HG04228_chrY	1	auto
NA18522	NA18522	chrY_haplotype1-0000020	NA18522_chrY	1	auto
NA18608	NA18608	haplotype1-0000026	NA18608_chrY	1	manual
NA18612	NA18612	chrY_haplotype2-0000088	NA18612_chrY	-1	auto
NA18612	NA18612	chrY_haplotype1-0000005	NA18612_chrY	1	auto
NA18612	NA18612	haplotype2-0000257	NA18612_chrY_random0000257	0	auto
NA18612	NA18612	haplotype2-0000259	NA18612_chrY_random0000259	0	auto
NA18612	NA18612	haplotype2-0000260	NA18612_chrY_random0000260	0	auto
NA18612	NA18612	haplotype2-0000276	NA18612_chrY_random0000276	0	auto
NA18612	NA18612	haplotype2-0000278	NA18612_chrY_random0000278	0	auto
NA18620	NA18620	chrY_haplotype1-0000001	NA18620_chrY	1	auto
NA18620	NA18620	chrY_unassigned-0000173	NA18620_chrY	1	auto
NA18620	NA18620	haplotype1-0000007	NA18620_chrY_random0000007	0	auto
NA18620	NA18620	haplotype1-0000008	NA18620_chrY_random0000008	0	auto
NA18620	NA18620	haplotype1-0000010	NA18620_chrY_random0000010	0	auto
NA18620	NA18620	haplotype1-0000033	NA18620_chrY_random0000033	0	auto
NA18620	NA18620	haplotype2-0000053	NA18620_chrY_random0000053	0	auto
NA18620	NA18620	haplotype2-0000054	NA18620_chrY_random0000054	0	auto
NA18620	NA18620	haplotype2-0000055	NA18620_chrY_random0000055	0	auto
NA18620	NA18620	unassigned-0000174	NA18620_chrY_random0000174	0	auto
NA18620	NA18620	unassigned-0000175	NA18620_chrY_random0000175	0	auto
NA18620	NA18620	unassigned-0000278	NA18620_chrY_random0000278	0	auto
NA18620	NA18620	unassigned-0000280	NA18620_chrY_random0000280	0	auto
NA18620	NA18620	unassigned-0000544	NA18620_chrY_random0000544	0	auto
NA18620	NA18620	unassigned-0000754	NA18620_chrY_random0000754	0	auto
NA18620	NA18620	unassigned-0000778	NA18620_chrY_random0000778	0	auto
NA18620	NA18620	unassigned-0000779	NA18620_chrY_random0000779	0	auto
NA18620	NA18620	unassigned-0000780	NA18620_chrY_random0000780	0	auto
NA18620	NA18620	unassigned-0000781	NA18620_chrY_random0000781	0	auto
NA18747	NA18747	chrY_haplotype1-0000010	NA18747_chrY	1	auto
NA18879	NA18879	chrY_haplotype1-0000021	NA18879_chrY	1	auto
NA18879	NA18879	haplotype2-0000089	NA18879_chrY_random0000089	0	auto
NA18952	NA18952	chrY_haplotype1-0000008	NA18952_chrY	-1	auto
NA18952	NA18952	unassigned-0000191	NA18952_chrY_random0000191	0	auto
NA18971	NA18971	haplotype1-0000013	NA18971_chrY	1	manual
NA18971	NA18971	haplotype2-0000181	NA18971_chrY_random0000181	0	manual
NA18974	NA18974	haplotype1-0000003	NA18974_chrY	-1	manual
NA18974	NA18974	haplotype2-0000117	NA18974_chrY_random0000117	0	auto
NA18974	NA18974	haplotype2-0000118	NA18974_chrY_random0000118	0	auto
NA18974	NA18974	haplotype2-0000119	NA18974_chrY_random0000119	0	auto
NA18974	NA18974	haplotype2-0000120	NA18974_chrY_random0000120	0	auto
NA18974	NA18974	haplotype2-0000123	NA18974_chrY_random0000123	0	auto
NA18974	NA18974	haplotype2-0000124	NA18974_chrY_random0000124	0	auto
NA18974	NA18974	haplotype2-0000125	NA18974_chrY_random0000125	0	auto
NA18974	NA18974	haplotype2-0000126	NA18974_chrY_random0000126	0	auto
NA18974	NA18974	haplotype2-0000132	NA18974_chrY_random0000132	0	auto
NA18974	NA18974	haplotype2-0000133	NA18974_chrY_random0000133	0	auto
NA18983	NA18983	chrY_haplotype1-0000006	NA18983_chrY	1	auto
NA19043	NA19043	chrY_haplotype1-0000017	NA19043_chrY	1	auto
NA19043	NA19043	haplotype2-0000144	NA19043_chrY_random0000144	0	auto
NA19443	NA19443	chrY_haplotype1-0000025	NA19443_chrY	1	auto
NA19443	NA19443	chrY_haplotype2-0000191	NA19443_chrY	1	auto
NA19443	NA19443	haplotype2-0000225	NA19443_chrY_random0000225	0	auto
NA19443	NA19443	haplotype2-0000226	NA19443_chrY_random0000226	0	auto
NA19443	NA19443	haplotype2-0000271	NA19443_chrY_random0000271	0	auto
NA19443	NA19443	unassigned-0000305	NA19443_chrY_random0000305	0	auto
NA19443	NA19443	unassigned-0000306	NA19443_chrY_random0000306	0	auto
NA19682	NA19682	chrY_haplotype1-0000008	NA19682_chrY	-1	auto
NA19700	NA19700	chrY_haplotype1-0000009	NA19700_chrY	1	auto
NA19700	NA19700	haplotype2-0000217	NA19700_chrY_random0000217	0	auto
NA19700	NA19700	haplotype2-0000218	NA19700_chrY_random0000218	0	auto
NA19700	NA19700	haplotype2-0000219	NA19700_chrY_random0000219	0	auto
NA20346	NA20346	chrY_haplotype1-0000017	NA20346_chrY	1	auto
NA20346	NA20346	haplotype2-0000177	NA20346_chrY_random0000177	0	auto
NA20346	NA20346	haplotype2-0000178	NA20346_chrY_random0000178	0	auto
NA20346	NA20346	haplotype2-0000179	NA20346_chrY_random0000179	0	auto
NA20346	NA20346	haplotype2-0000180	NA20346_chrY_random0000180	0	auto
NA20346	NA20346	haplotype2-0000182	NA20346_chrY_random0000182	0	auto
NA20346	NA20346	haplotype2-0000183	NA20346_chrY_random0000183	0	auto
NA20346	NA20346	haplotype2-0000184	NA20346_chrY_random0000184	0	auto
NA20346	NA20346	haplotype2-0000185	NA20346_chrY_random0000185	0	auto
NA20752	NA20752	chrY_haplotype1-0000011	NA20752_chrY	-1	auto
NA20805	NA20805	chrY_haplotype1-0000003	NA20805_chrY	1	auto
NA20805	NA20805	haplotype1-0000009	NA20805_chrY_random0000009	0	auto
NA20805	NA20805	haplotype1-0000028	NA20805_chrY_random0000028	0	auto
NA20805	NA20805	haplotype1-0000029	NA20805_chrY_random0000029	0	auto
NA20805	NA20805	haplotype1-0000030	NA20805_chrY_random0000030	0	auto
NA20805	NA20805	haplotype1-0000031	NA20805_chrY_random0000031	0	auto
NA20805	NA20805	haplotype1-0000032	NA20805_chrY_random0000032	0	auto
NA20805	NA20805	haplotype1-0000034	NA20805_chrY_random0000034	0	auto
NA20805	NA20805	haplotype1-0000035	NA20805_chrY_random0000035	0	auto
NA20809	NA20809	chrY_haplotype1-0000030	NA20809_chrY	1	auto
NA20809	NA20809	chrY_haplotype2-0000094	NA20809_chrY	1	auto
NA20809	NA20809	haplotype2-0000126	NA20809_chrY_random0000126	0	auto
NA20809	NA20809	unassigned-0000143	NA20809_chrY_random0000143	0	auto
NA20809	NA20809	unassigned-0000144	NA20809_chrY_random0000144	0	auto
NA20809	NA20809	unassigned-0000145	NA20809_chrY_random0000145	0	auto
NA20809	NA20809	unassigned-0000146	NA20809_chrY_random0000146	0	auto
NA20809	NA20809	unassigned-0000258	NA20809_chrY_random0000258	0	auto
NA20809	NA20809	unassigned-0000259	NA20809_chrY_random0000259	0	auto
NA20809	NA20809	unassigned-0000260	NA20809_chrY_random0000260	0	auto
NA20809	NA20809	unassigned-0000261	NA20809_chrY_random0000261	0	auto
NA20809	NA20809	unassigned-0000445	NA20809_chrY_random0000445	0	auto
NA20850	NA20850	chrY_haplotype1-0000018	NA20850_chrY	1	auto
NA20870	NA20870	chrY_haplotype1-0000014	NA20870_chrY	-1	auto
NA20905	NA20905	chrY_haplotype1-0000006	NA20905_chrY	1	auto
NA20905	NA20905	haplotype1-0000046	NA20905_chrY_random0000046	0	auto
NA21093	NA21093	chrY_haplotype1-0000021	NA21093_chrY	1	auto
NA21093	NA21093	haplotype1-0000020	NA21093_chrY_random0000020	0	auto
NA21093	NA21093	haplotype2-0000199	NA21093_chrY_random0000199	0	auto
NA21093	NA21093	haplotype2-0000200	NA21093_chrY_random0000200	0	auto
NA21093	NA21093	haplotype2-0000201	NA21093_chrY_random0000201	0	auto
NA21093	NA21093	haplotype2-0000202	NA21093_chrY_random0000202	0	auto
NA21093	NA21093	haplotype2-0000203	NA21093_chrY_random0000203	0	auto
