sample	alias	old_name	new_name	orient	proc_status	idx	categ	ours_idx
HG00126	HG00126	chrY_haplotype1-0000017	HG00126_chrY	1	auto	0	match	2317
HG00140	HG00140	chrY_haplotype1-0000004	HG00140_chrY	1	auto	1	match	2076
HG00140	HG00140	haplotype1-0000005	HG00140_chrY_random0000005	0	auto	2	match	2085
HG00140	HG00140	haplotype2-0000060	HG00140_chrY_random0000060	0	auto	3	match	2045
HG00140	HG00140	haplotype2-0000061	HG00140_chrY_random0000061	0	auto	4	match	1416
HG00140	HG00140	haplotype2-0000086	HG00140_chrY_random0000086	0	auto	5	match	3181
NA24385	NA24385	chrY_pat-0000702	HG002_chrY	1	auto	6	match	259
HG00280	HG00280	chrY_haplotype1-0000024	HG00280_chrY	1	auto	7	match	1715
HG00280	HG00280	haplotype1-0000029	HG00280_chrY_random0000029	0	auto	8	match	1601
HG00280	HG00280	haplotype1-0000030	HG00280_chrY_random0000030	0	auto	9	match	510
HG00280	HG00280	haplotype1-0000038	HG00280_chrY_random0000038	0	auto	10	match	1150
HG00280	HG00280	haplotype1-0000071	HG00280_chrY_random0000071	0	auto	11	match	941
HG00280	HG00280	haplotype1-0000072	HG00280_chrY_random0000072	0	auto	12	match	2417
HG00290	HG00290	chrY_haplotype1-0000013	HG00290_chrY	1	auto	13	match	975
NA24149	NA24143	chrY_haplotype1-0000002	HG003_chrY	1	auto	14	match	343
NA24149	NA24143	haplotype1-0000026	HG003_chrY_random0000026	0	auto	15	match	184
NA24149	NA24143	haplotype1-0000027	HG003_chrY_random0000027	0	auto	16	match	1032
NA24149	NA24143	haplotype1-0000053	HG003_chrY_random0000053	0	auto	17	match	1063
NA24149	NA24143	haplotype1-0000054	HG003_chrY_random0000054	0	auto	18	match	1914
NA24149	NA24143	haplotype1-0000055	HG003_chrY_random0000055	0	auto	19	match	1166
NA24149	NA24143	haplotype1-0000056	HG003_chrY_random0000056	0	auto	20	match	1403
NA24149	NA24143	haplotype1-0000057	HG003_chrY_random0000057	0	auto	21	match	596
NA24149	NA24143	haplotype1-0000058	HG003_chrY_random0000058	0	auto	22	match	124
NA24149	NA24143	haplotype1-0000091	HG003_chrY_random0000091	0	auto	23	match	915
NA24149	NA24143	haplotype1-0000121	HG003_chrY_random0000121	0	auto	24	match	880
NA24149	NA24143	haplotype1-0000122	HG003_chrY_random0000122	0	auto	25	match	411
NA24149	NA24143	haplotype1-0000124	HG003_chrY_random0000124	0	auto	26	match	1940
NA24149	NA24143	haplotype1-0000130	HG003_chrY_random0000130	0	auto	27	match	1336
NA24149	NA24143	haplotype1-0000131	HG003_chrY_random0000131	0	auto	28	match	2141
NA24149	NA24143	haplotype1-0000132	HG003_chrY_random0000132	0	auto	29	match	3023
NA24149	NA24143	haplotype2-0000146	HG003_chrY_random0000146	0	auto	30	match	1262
NA24149	NA24143	unassigned-0000923	HG003_chrY_random0000923	0	auto	31	match	2230
NA24149	NA24143	unassigned-0000924	HG003_chrY_random0000924	0	auto	32	match	2204
HG00321	HG00321	chrY_haplotype2-0000065	HG00321_chrY	1	auto	33	match	805
HG00321	HG00321	chrY_haplotype2-0000041	HG00321_chrY	1	auto	34	match	201
HG00321	HG00321	haplotype1-0000002	HG00321_chrY_random0000002	0	auto	35	match	3146
HG00321	HG00321	haplotype1-0000009	HG00321_chrY_random0000009	0	auto	36	match	806
HG00321	HG00321	haplotype1-0000028	HG00321_chrY_random0000028	0	auto	37	match	114
HG00321	HG00321	haplotype1-0000031	HG00321_chrY_random0000031	0	auto	38	match	3667
HG00321	HG00321	haplotype1-0000038	HG00321_chrY_random0000038	0	auto	39	match	2308
HG00321	HG00321	haplotype2-0000043	HG00321_chrY_random0000043	0	auto	40	match	1122
HG00321	HG00321	haplotype2-0000069	HG00321_chrY_random0000069	0	auto	41	match	2546
HG00321	HG00321	unassigned-0000167	HG00321_chrY_random0000167	0	auto	42	match	1225
HG00321	HG00321	unassigned-0000168	HG00321_chrY_random0000168	0	auto	43	match	71
HG00321	HG00321	unassigned-0000169	HG00321_chrY_random0000169	0	auto	44	match	1646
HG00321	HG00321	unassigned-0000170	HG00321_chrY_random0000170	0	auto	45	match	1274
HG00321	HG00321	unassigned-0000171	HG00321_chrY_random0000171	0	auto	46	match	1922
HG00321	HG00321	unassigned-0000177	HG00321_chrY_random0000177	0	auto	47	match	2791
HG00321	HG00321	unassigned-0000586	HG00321_chrY_random0000586	0	auto	48	match	2495
HG00321	HG00321	unassigned-0000716	HG00321_chrY_random0000716	0	auto	49	match	1697
HG00321	HG00321	unassigned-0000761	HG00321_chrY_random0000761	0	auto	50	match	2128
HG00329	HG00329	chrY_haplotype1-0000012	HG00329_chrY	1	auto	51	match	3241
HG00329	HG00329	haplotype1-0000035	HG00329_chrY_random0000035	0	auto	52	match	187
HG00329	HG00329	haplotype1-0000036	HG00329_chrY_random0000036	0	auto	53	match	3519
HG00329	HG00329	haplotype1-0000037	HG00329_chrY_random0000037	0	auto	54	match	374
HG00329	HG00329	haplotype1-0000039	HG00329_chrY_random0000039	0	auto	55	match	3449
HG00329	HG00329	haplotype1-0000046	HG00329_chrY_random0000046	0	auto	56	match	711
HG00329	HG00329	haplotype1-0000053	HG00329_chrY_random0000053	0	auto	57	match	1629
HG00329	HG00329	haplotype1-0000064	HG00329_chrY_random0000064	0	auto	58	match	142
NA24631	NA24631	chrY_pat-0001218	HG005_chrY	1	auto	59	match	756
NA24631	NA24631	chrY_pat-0001233	HG005_chrY	1	auto	60	match	1890
HG00609	HG00609	chrY_haplotype1-0000011	HG00609_chrY	1	auto	61	match	1615
HG00621	HG00621	chrY_pat-0000611	HG00621_chrY	-1	auto	62	match	157
HG00642	HG00642	chrY_haplotype1-0000004	HG00642_chrY	1	auto	63	match	2007
HG00658	HG00658	chrY_pat-0000544	HG00658_chrY	1	auto	64	match	972
HG00658	HG00658	chrY_pat-0000537	HG00658_chrY	1	auto	65	match	2263
HG00658	HG00658	pat-0000523	HG00658_chrY_random0000523	0	auto	66	match	165
HG00658	HG00658	pat-0000526	HG00658_chrY_random0000526	0	auto	67	match	2089
HG00658	HG00658	pat-0000527	HG00658_chrY_random0000527	0	auto	68	match	93
HG00658	HG00658	pat-0000536	HG00658_chrY_random0000536	0	auto	69	match	1214
HG00658	HG00658	pat-0000571	HG00658_chrY_random0000571	0	auto	70	match	2300
HG00658	HG00658	pat-0000583	HG00658_chrY_random0000583	0	auto	71	match	3121
HG00658	HG00658	pat-0000584	HG00658_chrY_random0000584	0	auto	72	match	87
HG00658	HG00658	pat-0000585	HG00658_chrY_random0000585	0	auto	73	match	825
HG00658	HG00658	pat-0000600	HG00658_chrY_random0000600	0	auto	74	match	2710
HG00658	HG00658	pat-0000602	HG00658_chrY_random0000602	0	auto	75	match	1281
HG00658	HG00658	pat-0000604	HG00658_chrY_random0000604	0	auto	76	match	1808
HG00658	HG00658	pat-0000605	HG00658_chrY_random0000605	0	auto	77	match	1541
HG00658	HG00658	pat-0000606	HG00658_chrY_random0000606	0	auto	78	match	6
HG00658	HG00658	pat-0000607	HG00658_chrY_random0000607	0	auto	79	match	1399
HG00658	HG00658	pat-0000644	HG00658_chrY_random0000644	0	auto	80	match	631
HG00658	HG00658	pat-0000668	HG00658_chrY_random0000668	0	auto	81	match	1549
HG00658	HG00658	pat-0000669	HG00658_chrY_random0000669	0	auto	82	match	1528
HG00658	HG00658	pat-0000677	HG00658_chrY_random0000677	0	auto	83	match	2041
HG00658	HG00658	pat-0000678	HG00658_chrY_random0000678	0	auto	84	match	1826
HG00658	HG00658	pat-0000679	HG00658_chrY_random0000679	0	auto	85	match	646
HG00658	HG00658	pat-0000681	HG00658_chrY_random0000681	0	auto	86	match	974
HG00658	HG00658	pat-0000702	HG00658_chrY_random0000702	0	auto	87	match	150
HG00658	HG00658	pat-0000704	HG00658_chrY_random0000704	0	auto	88	match	283
HG00658	HG00658	pat-0000705	HG00658_chrY_random0000705	0	auto	89	match	821
HG00658	HG00658	pat-0000706	HG00658_chrY_random0000706	0	auto	90	match	1091
HG00658	HG00658	pat-0000726	HG00658_chrY_random0000726	0	auto	91	match	690
HG00658	HG00658	pat-0000727	HG00658_chrY_random0000727	0	auto	92	match	2930
HG00658	HG00658	pat-0000765	HG00658_chrY_random0000765	0	auto	93	match	1213
HG00658	HG00658	pat-0000813	HG00658_chrY_random0000813	0	auto	94	match	733
HG00658	HG00658	pat-0000814	HG00658_chrY_random0000814	0	auto	95	match	12
HG00658	HG00658	pat-0000815	HG00658_chrY_random0000815	0	auto	96	match	1811
HG00658	HG00658	pat-0000816	HG00658_chrY_random0000816	0	auto	97	match	3271
HG00658	HG00658	pat-0000817	HG00658_chrY_random0000817	0	auto	98	match	1216
HG00658	HG00658	pat-0000821	HG00658_chrY_random0000821	0	auto	99	match	776
HG00658	HG00658	pat-0000822	HG00658_chrY_random0000822	0	auto	100	match	186
HG00658	HG00658	pat-0000825	HG00658_chrY_random0000825	0	auto	101	match	1406
HG00658	HG00658	pat-0000826	HG00658_chrY_random0000826	0	auto	102	match	2707
HG00658	HG00658	pat-0000827	HG00658_chrY_random0000827	0	auto	103	match	2028
HG00673	HG00673	chrY_haplotype1-0000012	HG00673_chrY	1	auto	104	match	3846
HG00673	HG00673	chrY_haplotype2-0000096	HG00673_chrY	1	auto	105	match	3579
HG00673	HG00673	haplotype1-0000004	HG00673_chrY_random0000004	0	auto	106	match	3918
HG00673	HG00673	haplotype1-0000006	HG00673_chrY_random0000006	0	auto	107	match	2206
HG00673	HG00673	haplotype1-0000007	HG00673_chrY_random0000007	0	auto	108	match	491
HG00673	HG00673	haplotype1-0000037	HG00673_chrY_random0000037	0	auto	109	match	2274
HG00673	HG00673	haplotype1-0000047	HG00673_chrY_random0000047	0	auto	110	match	520
HG00673	HG00673	haplotype2-0000109	HG00673_chrY_random0000109	0	auto	111	match	722
HG00673	HG00673	haplotype2-0000139	HG00673_chrY_random0000139	0	auto	112	match	1586
HG00673	HG00673	unassigned-0000176	HG00673_chrY_random0000176	0	auto	113	match	2042
HG00673	HG00673	unassigned-0000195	HG00673_chrY_random0000195	0	auto	114	match	1455
HG00673	HG00673	unassigned-0000196	HG00673_chrY_random0000196	0	auto	115	match	1535
HG00673	HG00673	unassigned-0000197	HG00673_chrY_random0000197	0	auto	116	match	2278
HG00673	HG00673	unassigned-0000261	HG00673_chrY_random0000261	0	auto	117	match	2155
HG00673	HG00673	unassigned-0000262	HG00673_chrY_random0000262	0	auto	118	match	3520
HG00673	HG00673	unassigned-0000263	HG00673_chrY_random0000263	0	auto	119	match	2948
HG00673	HG00673	unassigned-0000264	HG00673_chrY_random0000264	0	auto	120	match	416
HG00673	HG00673	unassigned-0000265	HG00673_chrY_random0000265	0	auto	121	match	447
HG00673	HG00673	unassigned-0000266	HG00673_chrY_random0000266	0	auto	122	match	128
HG00673	HG00673	unassigned-0000267	HG00673_chrY_random0000267	0	auto	123	match	2958
HG00673	HG00673	unassigned-0000268	HG00673_chrY_random0000268	0	auto	124	match	1175
HG00673	HG00673	unassigned-0000270	HG00673_chrY_random0000270	0	auto	125	match	503
HG00673	HG00673	unassigned-0000271	HG00673_chrY_random0000271	0	auto	126	match	2586
HG00673	HG00673	unassigned-0000273	HG00673_chrY_random0000273	0	auto	127	match	282
HG00673	HG00673	unassigned-0000274	HG00673_chrY_random0000274	0	auto	128	match	1364
HG00673	HG00673	unassigned-0000371	HG00673_chrY_random0000371	0	auto	129	match	1962
HG00673	HG00673	unassigned-0000372	HG00673_chrY_random0000372	0	auto	130	match	1595
HG00673	HG00673	unassigned-0000373	HG00673_chrY_random0000373	0	auto	131	match	2658
HG00673	HG00673	unassigned-0000374	HG00673_chrY_random0000374	0	auto	132	match	29
HG00673	HG00673	unassigned-0000395	HG00673_chrY_random0000395	0	auto	133	match	1408
HG00673	HG00673	unassigned-0000397	HG00673_chrY_random0000397	0	auto	134	match	2436
HG00673	HG00673	unassigned-0000398	HG00673_chrY_random0000398	0	auto	135	match	3249
HG00673	HG00673	unassigned-0000399	HG00673_chrY_random0000399	0	auto	136	match	537
HG00673	HG00673	unassigned-0000524	HG00673_chrY_random0000524	0	auto	137	match	359
HG00673	HG00673	unassigned-0000641	HG00673_chrY_random0000641	0	auto	138	match	1821
HG00673	HG00673	unassigned-0000685	HG00673_chrY_random0000685	0	auto	139	match	2794
HG00673	HG00673	unassigned-0000730	HG00673_chrY_random0000730	0	auto	140	match	2942
HG00673	HG00673	unassigned-0000731	HG00673_chrY_random0000731	0	auto	141	match	478
HG00673	HG00673	unassigned-0000732	HG00673_chrY_random0000732	0	auto	142	match	2852
HG00673	HG00673	unassigned-0000733	HG00673_chrY_random0000733	0	auto	143	match	3137
HG00706	HG00706	chrY_haplotype1-0000020	HG00706_chrY	1	auto	144	match	719
HG00706	HG00706	haplotype2-0000074	HG00706_chrY_random0000074	0	auto	145	match	1798
HG00706	HG00706	haplotype2-0000075	HG00706_chrY_random0000075	0	auto	146	match	2941
HG00706	HG00706	haplotype2-0000090	HG00706_chrY_random0000090	0	auto	147	match	3851
HG00706	HG00706	haplotype2-0000091	HG00706_chrY_random0000091	0	auto	148	match	2722
HG00706	HG00706	haplotype2-0000111	HG00706_chrY_random0000111	0	auto	149	match	379
HG00706	HG00706	haplotype2-0000112	HG00706_chrY_random0000112	0	auto	150	match	1701
HG00706	HG00706	haplotype2-0000122	HG00706_chrY_random0000122	0	auto	151	match	1354
HG00706	HG00706	haplotype2-0000124	HG00706_chrY_random0000124	0	auto	152	match	531
HG00706	HG00706	unassigned-0000560	HG00706_chrY_random0000560	0	auto	153	match	3483
HG00706	HG00706	unassigned-0000562	HG00706_chrY_random0000562	0	auto	154	match	3627
HG00706	HG00706	unassigned-0000567	HG00706_chrY_random0000567	0	auto	155	match	1779
HG00706	HG00706	unassigned-0000568	HG00706_chrY_random0000568	0	auto	156	match	989
HG00706	HG00706	unassigned-0000615	HG00706_chrY_random0000615	0	auto	157	match	3005
HG00706	HG00706	unassigned-0000616	HG00706_chrY_random0000616	0	auto	158	match	2301
HG00706	HG00706	unassigned-0000617	HG00706_chrY_random0000617	0	auto	159	match	2154
HG00706	HG00706	unassigned-0000619	HG00706_chrY_random0000619	0	auto	160	match	2649
HG00706	HG00706	unassigned-0000655	HG00706_chrY_random0000655	0	auto	161	match	200
HG00706	HG00706	unassigned-0000656	HG00706_chrY_random0000656	0	auto	162	match	1248
HG00706	HG00706	unassigned-0000657	HG00706_chrY_random0000657	0	auto	163	match	2853
HG00706	HG00706	unassigned-0000930	HG00706_chrY_random0000930	0	auto	164	match	2756
HG00706	HG00706	unassigned-0000961	HG00706_chrY_random0000961	0	auto	165	match	3643
HG00706	HG00706	unassigned-0001016	HG00706_chrY_random0001016	0	auto	166	match	853
HG00706	HG00706	unassigned-0001023	HG00706_chrY_random0001023	0	auto	167	match	2768
HG00738	HG00738	chrY_pat-0000564	HG00738_chrY	1	auto	168	match	3281
HG00738	HG00738	pat-0000713	HG00738_chrY_random0000713	0	auto	169	match	317
HG01074	HG01074	chrY_haplotype1-0000019	HG01074_chrY	1	auto	170	match	1695
HG01099	HG01099	chrY_haplotype1-0000025	HG01099_chrY	1	auto	171	match	2323
HG01099	HG01099	haplotype1-0000013	HG01099_chrY_random0000013	0	auto	172	match	2604
HG01099	HG01099	haplotype2-0000107	HG01099_chrY_random0000107	0	auto	173	match	3256
HG01099	HG01099	haplotype2-0000113	HG01099_chrY_random0000113	0	auto	174	match	566
HG01106	HG01106	chrX_mat-0000007	HG01106_chrY	1	auto	175	no-match	-1
HG01106	HG01106	chrY_pat-0000759	HG01106_chrY	1	auto	176	match	2186
HG01106	HG01106	mat-0000007	HG01106_chrY_random0000007	0	auto	177	no-match	-1
HG01106	HG01106	pat-0000797	HG01106_chrY_random0000797	0	auto	178	match	2886
HG01106	HG01106	pat-0000799	HG01106_chrY_random0000799	0	auto	179	match	3399
HG01109	HG01109	chrY_pat-0000969	HG01109_chrY	1	auto	180	match	133
HG01109	HG01109	chrY_pat-0000951	HG01109_chrY	1	auto	181	match	229
HG01109	HG01109	unassigned-0000932	HG01109_chrY_random0000932	0	auto	182	no-match	-1
HG01109	HG01109	pat-0000975	HG01109_chrY_random0000975	0	auto	183	match	2758
HG01109	HG01109	pat-0000976	HG01109_chrY_random0000976	0	auto	184	match	3743
HG01109	HG01109	pat-0000977	HG01109_chrY_random0000977	0	auto	185	match	1218
HG01109	HG01109	pat-0001326	HG01109_chrY_random0001326	0	auto	186	match	3134
HG01192	HG01192	haplotype1-0000014	HG01192_chrY_random0000014	0	auto	189	no-match	-1
HG01192	HG01192	haplotype1-0000015	HG01192_chrY_random0000015	0	auto	190	no-match	-1
HG01192	HG01192	haplotype1-0000016	HG01192_chrY_random0000016	0	auto	191	no-match	-1
HG01192	HG01192	haplotype1-0000017	HG01192_chrY_random0000017	0	auto	192	no-match	-1
HG01192	HG01192	haplotype1-0000018	HG01192_chrY_random0000018	0	auto	193	no-match	-1
HG01192	HG01192	haplotype1-0000019	HG01192_chrY_random0000019	0	auto	194	no-match	-1
HG01243	HG01243	chrY_haplotype1-0000012	HG01243_chrY	1	auto	195	match	2472
HG01243	HG01243	chrY_haplotype1-0000021	HG01243_chrY	1	auto	196	match	578
HG01243	HG01243	haplotype1-0000052	HG01243_chrY_random0000052	0	auto	197	match	781
HG01243	HG01243	haplotype1-0000071	HG01243_chrY_random0000071	0	auto	198	match	1447
HG01243	HG01243	haplotype1-0000072	HG01243_chrY_random0000072	0	auto	199	match	2590
HG01243	HG01243	haplotype1-0000073	HG01243_chrY_random0000073	0	auto	200	match	2367
HG01243	HG01243	haplotype1-0000074	HG01243_chrY_random0000074	0	auto	201	match	1860
HG01243	HG01243	haplotype1-0000075	HG01243_chrY_random0000075	0	auto	202	match	930
HG01243	HG01243	haplotype1-0000175	HG01243_chrY_random0000175	0	auto	203	match	381
HG01243	HG01243	haplotype1-0000188	HG01243_chrY_random0000188	0	auto	204	match	3165
HG01252	HG01252	chrY_pat-0000532	HG01252_chrY	1	auto	205	match	1655
HG01252	HG01252	pat-0000707	HG01252_chrY	1	auto	206	match	2238
HG01255	HG01255	chrY_haplotype1-0000016	HG01255_chrY	1	auto	207	match	1870
HG01255	HG01255	haplotype2-0000119	HG01255_chrY_random0000119	0	auto	208	match	869
HG01255	HG01255	haplotype2-0000120	HG01255_chrY_random0000120	0	auto	209	match	652
HG01255	HG01255	haplotype2-0000121	HG01255_chrY_random0000121	0	auto	210	match	234
HG01255	HG01255	haplotype2-0000140	HG01255_chrY_random0000140	0	auto	211	match	1272
HG01258	HG01258	chrY_pat-0000774	HG01258_chrY	1	auto	212	match	2326
HG01261	HG01261	chrY_haplotype1-0000012	HG01261_chrY	1	auto	213	match	1288
HG01261	HG01261	haplotype2-0000116	HG01261_chrY_random0000116	0	auto	214	match	1463
HG01261	HG01261	haplotype2-0000118	HG01261_chrY_random0000118	0	auto	215	match	683
HG01358	HG01358	chrY_pat-0000434	HG01358_chrY	1	auto	216	match	2803
HG01358	HG01358	pat-0000464	HG01358_chrY_random0000464	0	auto	217	match	1877
HG01358	HG01358	pat-0000621	HG01358_chrY_random0000621	0	auto	218	match	1370
HG01433	HG01433	chrY_pat-0000521	HG01433_chrY	1	auto	219	match	3441
HG01433	HG01433	chrY_pat-0000511	HG01433_chrY	1	auto	220	match	2350
HG01433	HG01433	chrY_pat-0000498	HG01433_chrY	1	auto	221	match	961
HG01433	HG01433	pat-0000515	HG01433_chrY_random0000515	0	auto	222	match	1785
HG01433	HG01433	pat-0000525	HG01433_chrY_random0000525	0	auto	223	match	2049
HG01433	HG01433	pat-0000526	HG01433_chrY_random0000526	0	auto	224	match	3489
HG01433	HG01433	pat-0000527	HG01433_chrY_random0000527	0	auto	225	match	129
HG01433	HG01433	pat-0000528	HG01433_chrY_random0000528	0	auto	226	match	2616
HG01433	HG01433	pat-0000544	HG01433_chrY_random0000544	0	auto	227	match	30
HG01433	HG01433	pat-0000590	HG01433_chrY_random0000590	0	auto	228	match	3864
HG01433	HG01433	pat-0000677	HG01433_chrY_random0000677	0	auto	229	match	980
HG01433	HG01433	pat-0000683	HG01433_chrY_random0000683	0	auto	230	match	292
HG01433	HG01433	pat-0000684	HG01433_chrY_random0000684	0	auto	231	match	1450
HG01433	HG01433	pat-0000740	HG01433_chrY_random0000740	0	auto	232	match	1231
HG01433	HG01433	pat-0000742	HG01433_chrY_random0000742	0	auto	233	match	318
HG01433	HG01433	pat-0000743	HG01433_chrY_random0000743	0	auto	234	match	117
HG01433	HG01433	pat-0000767	HG01433_chrY_random0000767	0	auto	235	match	45
HG01433	HG01433	pat-0000768	HG01433_chrY_random0000768	0	auto	236	match	1493
HG01433	HG01433	pat-0000769	HG01433_chrY_random0000769	0	auto	237	match	2497
HG01433	HG01433	pat-0000789	HG01433_chrY_random0000789	0	auto	238	match	2069
HG01530	HG01530	chrY_haplotype1-0000004	HG01530_chrY	1	auto	239	match	3792
HG01530	HG01530	haplotype1-0000028	HG01530_chrY_random0000028	0	auto	240	match	1361
HG01928	HG01928	chrY_pat-0000542	HG01928_chrY	1	auto	241	match	3301
HG01934	HG01934	chrY_haplotype1-0000010	HG01934_chrY	1	auto	242	match	1144
HG01943	HG01943	chrY_haplotype1-0000026	HG01943_chrY	-1	auto	243	match	973
HG01952	HG01952	chrY_haplotype1-0000014	HG01952_chrY	1	auto	244	match	1771
HG02015	HG02015	chrY_haplotype1-0000001	HG02015_chrY	1	auto	245	no-match	-1
HG02015	HG02015	chrY_haplotype2-0000121	HG02015_chrY	1	auto	246	no-match	-1
HG02015	HG02015	haplotype1-0000020	HG02015_chrY_random0000020	0	auto	247	no-match	-1
HG02015	HG02015	haplotype1-0000044	HG02015_chrY_random0000044	0	auto	248	no-match	-1
HG02015	HG02015	haplotype1-0000045	HG02015_chrY_random0000045	0	auto	249	no-match	-1
HG02015	HG02015	haplotype1-0000046	HG02015_chrY_random0000046	0	auto	250	no-match	-1
HG02015	HG02015	haplotype1-0000048	HG02015_chrY_random0000048	0	auto	251	no-match	-1
HG02015	HG02015	haplotype1-0000054	HG02015_chrY_random0000054	0	auto	252	no-match	-1
HG02015	HG02015	haplotype1-0000061	HG02015_chrY_random0000061	0	auto	253	no-match	-1
HG02015	HG02015	haplotype1-0000062	HG02015_chrY_random0000062	0	auto	254	no-match	-1
HG02015	HG02015	haplotype1-0000063	HG02015_chrY_random0000063	0	auto	255	no-match	-1
HG02015	HG02015	haplotype1-0000078	HG02015_chrY_random0000078	0	auto	256	no-match	-1
HG02015	HG02015	haplotype1-0000079	HG02015_chrY_random0000079	0	auto	257	no-match	-1
HG02015	HG02015	haplotype1-0000080	HG02015_chrY_random0000080	0	auto	258	no-match	-1
HG02015	HG02015	haplotype1-0000082	HG02015_chrY_random0000082	0	auto	259	no-match	-1
HG02015	HG02015	haplotype1-0000098	HG02015_chrY_random0000098	0	auto	260	no-match	-1
HG02015	HG02015	haplotype1-0000099	HG02015_chrY_random0000099	0	auto	261	no-match	-1
HG02015	HG02015	haplotype2-0000141	HG02015_chrY_random0000141	0	auto	262	no-match	-1
HG02015	HG02015	haplotype2-0000142	HG02015_chrY_random0000142	0	auto	263	no-match	-1
HG02015	HG02015	haplotype2-0000143	HG02015_chrY_random0000143	0	auto	264	no-match	-1
HG02015	HG02015	haplotype2-0000144	HG02015_chrY_random0000144	0	auto	265	no-match	-1
HG02015	HG02015	haplotype2-0000145	HG02015_chrY_random0000145	0	auto	266	no-match	-1
HG02015	HG02015	haplotype2-0000146	HG02015_chrY_random0000146	0	auto	267	no-match	-1
HG02015	HG02015	haplotype2-0000147	HG02015_chrY_random0000147	0	auto	268	no-match	-1
HG02015	HG02015	haplotype2-0000148	HG02015_chrY_random0000148	0	auto	269	no-match	-1
HG02015	HG02015	haplotype2-0000149	HG02015_chrY_random0000149	0	auto	270	no-match	-1
HG02015	HG02015	haplotype2-0000150	HG02015_chrY_random0000150	0	auto	271	no-match	-1
HG02015	HG02015	haplotype2-0000151	HG02015_chrY_random0000151	0	auto	272	no-match	-1
HG02015	HG02015	haplotype2-0000156	HG02015_chrY_random0000156	0	auto	273	no-match	-1
HG02015	HG02015	haplotype2-0000157	HG02015_chrY_random0000157	0	auto	274	no-match	-1
HG02015	HG02015	haplotype2-0000158	HG02015_chrY_random0000158	0	auto	275	no-match	-1
HG02015	HG02015	haplotype2-0000159	HG02015_chrY_random0000159	0	auto	276	no-match	-1
HG02015	HG02015	haplotype2-0000161	HG02015_chrY_random0000161	0	auto	277	no-match	-1
HG02015	HG02015	haplotype2-0000162	HG02015_chrY_random0000162	0	auto	278	no-match	-1
HG02015	HG02015	haplotype2-0000165	HG02015_chrY_random0000165	0	auto	279	no-match	-1
HG02015	HG02015	haplotype2-0000167	HG02015_chrY_random0000167	0	auto	280	no-match	-1
HG02015	HG02015	haplotype2-0000168	HG02015_chrY_random0000168	0	auto	281	no-match	-1
HG02015	HG02015	haplotype2-0000169	HG02015_chrY_random0000169	0	auto	282	no-match	-1
HG02015	HG02015	haplotype2-0000172	HG02015_chrY_random0000172	0	auto	283	no-match	-1
HG02015	HG02015	haplotype2-0000173	HG02015_chrY_random0000173	0	auto	284	no-match	-1
HG02015	HG02015	haplotype2-0000174	HG02015_chrY_random0000174	0	auto	285	no-match	-1
HG02015	HG02015	haplotype2-0000175	HG02015_chrY_random0000175	0	auto	286	no-match	-1
HG02015	HG02015	haplotype2-0000176	HG02015_chrY_random0000176	0	auto	287	no-match	-1
HG02015	HG02015	haplotype2-0000178	HG02015_chrY_random0000178	0	auto	288	no-match	-1
HG02015	HG02015	haplotype2-0000179	HG02015_chrY_random0000179	0	auto	289	no-match	-1
HG02015	HG02015	haplotype2-0000180	HG02015_chrY_random0000180	0	auto	290	no-match	-1
HG02015	HG02015	haplotype2-0000182	HG02015_chrY_random0000182	0	auto	291	no-match	-1
HG02015	HG02015	haplotype2-0000183	HG02015_chrY_random0000183	0	auto	292	no-match	-1
HG02015	HG02015	haplotype2-0000185	HG02015_chrY_random0000185	0	auto	293	no-match	-1
HG02015	HG02015	haplotype2-0000189	HG02015_chrY_random0000189	0	auto	294	no-match	-1
HG02015	HG02015	haplotype2-0000190	HG02015_chrY_random0000190	0	auto	295	no-match	-1
HG02015	HG02015	haplotype2-0000191	HG02015_chrY_random0000191	0	auto	296	no-match	-1
HG02015	HG02015	haplotype2-0000192	HG02015_chrY_random0000192	0	auto	297	no-match	-1
HG02015	HG02015	haplotype2-0000193	HG02015_chrY_random0000193	0	auto	298	no-match	-1
HG02015	HG02015	haplotype2-0000194	HG02015_chrY_random0000194	0	auto	299	no-match	-1
HG02015	HG02015	haplotype2-0000195	HG02015_chrY_random0000195	0	auto	300	no-match	-1
HG02015	HG02015	haplotype2-0000196	HG02015_chrY_random0000196	0	auto	301	no-match	-1
HG02015	HG02015	haplotype2-0000197	HG02015_chrY_random0000197	0	auto	302	no-match	-1
HG02015	HG02015	haplotype2-0000202	HG02015_chrY_random0000202	0	auto	303	no-match	-1
HG02015	HG02015	haplotype2-0000203	HG02015_chrY_random0000203	0	auto	304	no-match	-1
HG02015	HG02015	haplotype2-0000204	HG02015_chrY_random0000204	0	auto	305	no-match	-1
HG02015	HG02015	haplotype2-0000205	HG02015_chrY_random0000205	0	auto	306	no-match	-1
HG02015	HG02015	unassigned-0000648	HG02015_chrY_random0000648	0	auto	307	no-match	-1
HG02015	HG02015	unassigned-0000649	HG02015_chrY_random0000649	0	auto	308	no-match	-1
HG02015	HG02015	unassigned-0000650	HG02015_chrY_random0000650	0	auto	309	no-match	-1
HG02015	HG02015	unassigned-0000678	HG02015_chrY_random0000678	0	auto	310	no-match	-1
HG02015	HG02015	unassigned-0000683	HG02015_chrY_random0000683	0	auto	311	no-match	-1
HG02015	HG02015	unassigned-0000684	HG02015_chrY_random0000684	0	auto	312	no-match	-1
HG02015	HG02015	unassigned-0000692	HG02015_chrY_random0000692	0	auto	313	no-match	-1
HG02015	HG02015	unassigned-0000693	HG02015_chrY_random0000693	0	auto	314	no-match	-1
HG02015	HG02015	unassigned-0000694	HG02015_chrY_random0000694	0	auto	315	no-match	-1
HG02015	HG02015	unassigned-0000695	HG02015_chrY_random0000695	0	auto	316	no-match	-1
HG02015	HG02015	unassigned-0000698	HG02015_chrY_random0000698	0	auto	317	no-match	-1
HG02015	HG02015	unassigned-0000699	HG02015_chrY_random0000699	0	auto	318	no-match	-1
HG02015	HG02015	unassigned-0000706	HG02015_chrY_random0000706	0	auto	319	no-match	-1
HG02015	HG02015	unassigned-0000731	HG02015_chrY_random0000731	0	auto	320	no-match	-1
HG02015	HG02015	unassigned-0000732	HG02015_chrY_random0000732	0	auto	321	no-match	-1
HG02015	HG02015	unassigned-0000749	HG02015_chrY_random0000749	0	auto	322	no-match	-1
HG02015	HG02015	unassigned-0000751	HG02015_chrY_random0000751	0	auto	323	no-match	-1
HG02015	HG02015	unassigned-0000852	HG02015_chrY_random0000852	0	auto	324	no-match	-1
HG02015	HG02015	unassigned-0001230	HG02015_chrY_random0001230	0	auto	325	no-match	-1
HG02015	HG02015	unassigned-0001231	HG02015_chrY_random0001231	0	auto	326	no-match	-1
HG02015	HG02015	unassigned-0001243	HG02015_chrY_random0001243	0	auto	327	no-match	-1
HG02015	HG02015	unassigned-0001244	HG02015_chrY_random0001244	0	auto	328	no-match	-1
HG02015	HG02015	unassigned-0001245	HG02015_chrY_random0001245	0	auto	329	no-match	-1
HG02015	HG02015	unassigned-0001246	HG02015_chrY_random0001246	0	auto	330	no-match	-1
HG02015	HG02015	unassigned-0001247	HG02015_chrY_random0001247	0	auto	331	no-match	-1
HG02027	HG02027	chrY_pat-0000390	HG02027_chrY	1	auto	332	match	2995
HG02027	HG02027	pat-0000474	HG02027_chrY_random0000474	0	auto	333	match	298
HG02040	HG02040	chrY_haplotype1-0000017	HG02040_chrY	-1	auto	334	match	279
HG02040	HG02040	haplotype2-0000126	HG02040_chrY_random0000126	0	auto	335	match	441
HG02055	HG02055	chrY_pat-0000629	HG02055_chrY	1	auto	336	match	1714
HG02055	HG02055	chrY_pat-0000631	HG02055_chrY	1	auto	337	match	3559
HG02055	HG02055	pat-0000876	HG02055_chrY_random0000876	0	auto	338	match	278
HG02056	HG02056	chrY_pat-0000451	HG02056_chrY	1	auto	339	match	3587
HG02071	HG02071	chrY_pat-0000661	HG02071_chrY	-1	auto	340	match	2097
HG02071	HG02071	pat-0000786	HG02071_chrY_random0000786	0	auto	341	match	1898
HG02071	HG02071	pat-0000787	HG02071_chrY_random0000787	0	auto	342	match	404
HG02071	HG02071	pat-0000788	HG02071_chrY_random0000788	0	auto	343	match	456
HG02071	HG02071	pat-0000945	HG02071_chrY_random0000945	0	auto	344	match	1717
HG02071	HG02071	pat-0000947	HG02071_chrY_random0000947	0	auto	345	match	755
HG02071	HG02071	pat-0000997	HG02071_chrY_random0000997	0	auto	346	match	1250
HG02071	HG02071	pat-0001039	HG02071_chrY_random0001039	0	auto	347	match	169
HG02071	HG02071	pat-0001043	HG02071_chrY_random0001043	0	auto	348	match	151
HG02071	HG02071	pat-0001045	HG02071_chrY_random0001045	0	auto	349	match	1284
HG02071	HG02071	pat-0001046	HG02071_chrY_random0001046	0	auto	350	match	1738
HG02074	HG02074	chrY_pat-0000739	HG02074_chrY	-1	auto	351	match	215
HG02074	HG02074	pat-0001012	HG02074_chrY_random0001012	0	auto	352	match	712
HG02083	HG02083	chrY_pat-0000362	HG02083_chrY	1	auto	353	match	3198
HG02083	HG02083	pat-0000391	HG02083_chrY_random0000391	0	auto	354	match	1362
HG02083	HG02083	pat-0000528	HG02083_chrY_random0000528	0	auto	355	match	3453
HG02083	HG02083	pat-0000529	HG02083_chrY_random0000529	0	auto	356	match	250
HG02083	HG02083	pat-0000530	HG02083_chrY_random0000530	0	auto	357	match	741
HG02083	HG02083	pat-0000531	HG02083_chrY_random0000531	0	auto	358	match	1329
HG02083	HG02083	pat-0000532	HG02083_chrY_random0000532	0	auto	359	match	2234
HG02083	HG02083	pat-0000534	HG02083_chrY_random0000534	0	auto	360	match	985
HG02083	HG02083	pat-0000535	HG02083_chrY_random0000535	0	auto	361	match	1337
HG02083	HG02083	pat-0000536	HG02083_chrY_random0000536	0	auto	362	match	504
HG02083	HG02083	pat-0000537	HG02083_chrY_random0000537	0	auto	363	match	350
HG02083	HG02083	pat-0000539	HG02083_chrY_random0000539	0	auto	364	match	1782
HG02083	HG02083	pat-0000540	HG02083_chrY_random0000540	0	auto	365	match	782
HG02129	HG02129	chrY_haplotype1-0000005	HG02129_chrY	1	auto	366	match	1479
HG02129	HG02129	chrY_haplotype2-0000101	HG02129_chrY	1	auto	367	match	2946
HG02129	HG02129	haplotype1-0000024	HG02129_chrY_random0000024	0	auto	368	match	2641
HG02132	HG02132	chrY_haplotype2-0000165	HG02132_chrY	1	auto	369	match	2109
HG02132	HG02132	chrY_haplotype2-0000173	HG02132_chrY	1	auto	370	match	1729
HG02132	HG02132	haplotype1-0000022	HG02132_chrY_random0000022	0	auto	371	match	3686
HG02132	HG02132	haplotype2-0000156	HG02132_chrY_random0000156	0	auto	372	match	3701
HG02132	HG02132	haplotype2-0000182	HG02132_chrY_random0000182	0	auto	373	match	3729
HG02132	HG02132	haplotype2-0000184	HG02132_chrY_random0000184	0	auto	374	match	434
HG02132	HG02132	haplotype2-0000185	HG02132_chrY_random0000185	0	auto	375	match	1863
HG02132	HG02132	haplotype2-0000186	HG02132_chrY_random0000186	0	auto	376	match	297
HG02132	HG02132	haplotype2-0000250	HG02132_chrY_random0000250	0	auto	377	match	324
HG02132	HG02132	haplotype2-0000258	HG02132_chrY_random0000258	0	auto	378	match	1766
HG02132	HG02132	haplotype2-0000259	HG02132_chrY_random0000259	0	auto	379	match	818
HG02132	HG02132	haplotype2-0000260	HG02132_chrY_random0000260	0	auto	380	match	295
HG02132	HG02132	haplotype2-0000262	HG02132_chrY_random0000262	0	auto	381	match	2260
HG02132	HG02132	haplotype2-0000310	HG02132_chrY_random0000310	0	auto	382	match	1739
HG02132	HG02132	haplotype2-0000313	HG02132_chrY_random0000313	0	auto	383	match	2464
HG02132	HG02132	haplotype2-0000314	HG02132_chrY_random0000314	0	auto	384	match	789
HG02132	HG02132	haplotype2-0000316	HG02132_chrY_random0000316	0	auto	385	match	110
HG02132	HG02132	haplotype2-0000318	HG02132_chrY_random0000318	0	auto	386	match	917
HG02132	HG02132	haplotype2-0000350	HG02132_chrY_random0000350	0	auto	387	match	1307
HG02132	HG02132	haplotype2-0000353	HG02132_chrY_random0000353	0	auto	388	match	3387
HG02132	HG02132	unassigned-0000478	HG02132_chrY_random0000478	0	auto	389	match	2681
HG02132	HG02132	unassigned-0000479	HG02132_chrY_random0000479	0	auto	390	match	479
HG02132	HG02132	unassigned-0000584	HG02132_chrY_random0000584	0	auto	391	match	1017
HG02132	HG02132	unassigned-0000766	HG02132_chrY_random0000766	0	auto	392	match	629
HG02132	HG02132	unassigned-0000767	HG02132_chrY_random0000767	0	auto	393	match	3838
HG02132	HG02132	unassigned-0000779	HG02132_chrY_random0000779	0	auto	394	match	2726
HG02132	HG02132	unassigned-0000780	HG02132_chrY_random0000780	0	auto	395	match	1224
HG02132	HG02132	unassigned-0000818	HG02132_chrY_random0000818	0	auto	396	match	225
HG02135	HG02135	chrY_pat-0000670	HG02135_chrY	1	auto	397	match	2280
HG02135	HG02135	pat-0000980	HG02135_chrY_random0000980	0	auto	398	match	348
HG02145	HG02145	haplotype1-0000075	HG02145_chrY	1	auto	399	match	604
HG02145	HG02145	chrY_haplotype1-0000002	HG02145_chrY	1	auto	400	match	2394
HG02145	HG02145	chrY_haplotype1-0000157	HG02145_chrY	1	auto	401	match	1475
HG02145	HG02145	chrY_haplotype1-0000004	HG02145_chrY	1	auto	402	match	2809
HG02145	HG02145	chrY_haplotype1-0000024	HG02145_chrY	1	auto	403	match	3872
HG02145	HG02145	chrY_haplotype2-0000213	HG02145_chrY	-1	auto	404	match	662
HG02145	HG02145	haplotype1-0000061	HG02145_chrY_random0000061	0	auto	405	match	435
HG02145	HG02145	haplotype2-0000220	HG02145_chrY_random0000220	0	auto	406	match	2067
HG02145	HG02145	haplotype2-0000221	HG02145_chrY_random0000221	0	auto	407	match	799
HG02145	HG02145	haplotype2-0000237	HG02145_chrY_random0000237	0	auto	408	match	946
HG02145	HG02145	haplotype2-0000255	HG02145_chrY_random0000255	0	auto	409	match	391
HG02145	HG02145	haplotype2-0000258	HG02145_chrY_random0000258	0	auto	410	match	2034
HG02145	HG02145	haplotype2-0000265	HG02145_chrY_random0000265	0	auto	411	match	1033
HG02145	HG02145	haplotype2-0000295	HG02145_chrY_random0000295	0	auto	412	match	3073
HG02145	HG02145	haplotype2-0000306	HG02145_chrY_random0000306	0	auto	413	match	545
HG02145	HG02145	haplotype2-0000307	HG02145_chrY_random0000307	0	auto	414	match	1376
HG02145	HG02145	haplotype2-0000310	HG02145_chrY_random0000310	0	auto	415	match	149
HG02145	HG02145	haplotype2-0000419	HG02145_chrY_random0000419	0	auto	416	match	27
HG02145	HG02145	haplotype2-0000426	HG02145_chrY_random0000426	0	auto	417	match	1186
HG02145	HG02145	haplotype2-0000443	HG02145_chrY_random0000443	0	auto	418	match	2665
HG02145	HG02145	unassigned-0000522	HG02145_chrY_random0000522	0	auto	419	match	2840
HG02145	HG02145	unassigned-0000558	HG02145_chrY_random0000558	0	auto	420	match	2150
HG02145	HG02145	unassigned-0000560	HG02145_chrY_random0000560	0	auto	421	match	218
HG02145	HG02145	unassigned-0000561	HG02145_chrY_random0000561	0	auto	422	match	2396
HG02145	HG02145	unassigned-0001435	HG02145_chrY_random0001435	0	auto	423	match	2905
HG02145	HG02145	unassigned-0001436	HG02145_chrY_random0001436	0	auto	424	match	336
HG02145	HG02145	unassigned-0001444	HG02145_chrY_random0001444	0	auto	425	match	293
HG02145	HG02145	unassigned-0001485	HG02145_chrY_random0001485	0	auto	426	match	1153
HG02145	HG02145	unassigned-0001487	HG02145_chrY_random0001487	0	auto	427	match	1670
HG02145	HG02145	unassigned-0001489	HG02145_chrY_random0001489	0	auto	428	match	2531
HG02145	HG02145	unassigned-0001497	HG02145_chrY_random0001497	0	auto	429	match	790
HG02145	HG02145	unassigned-0001505	HG02145_chrY_random0001505	0	auto	430	match	432
HG02145	HG02145	unassigned-0001512	HG02145_chrY_random0001512	0	auto	431	match	2778
HG02145	HG02145	unassigned-0001516	HG02145_chrY_random0001516	0	auto	432	match	611
HG02145	HG02145	unassigned-0001735	HG02145_chrY_random0001735	0	auto	433	match	3807
HG02145	HG02145	unassigned-0001740	HG02145_chrY_random0001740	0	auto	434	match	1964
HG02258	HG02258	chrY_haplotype1-0000016	HG02258_chrY	1	auto	435	match	51
HG02258	HG02258	haplotype1-0000057	HG02258_chrY_random0000057	0	auto	436	match	1452
HG02258	HG02258	haplotype1-0000058	HG02258_chrY_random0000058	0	auto	437	match	5
HG02258	HG02258	haplotype1-0000059	HG02258_chrY_random0000059	0	auto	438	match	2391
HG02258	HG02258	haplotype1-0000061	HG02258_chrY_random0000061	0	auto	439	match	1599
HG02258	HG02258	haplotype1-0000062	HG02258_chrY_random0000062	0	auto	440	match	3106
HG02391	HG02391	chrY_haplotype1-0000014	HG02391_chrY	1	auto	441	match	1068
HG02391	HG02391	haplotype2-0000093	HG02391_chrY_random0000093	0	auto	442	match	316
HG02392	HG02392	chrY_haplotype1-0000002	HG02392_chrY	1	auto	443	match	1562
HG02572	HG02572	chrY_haplotype1-0000021	HG02572_chrY	1	auto	446	match	485
HG02602	HG02602	chrY_pat-0000505	HG02602_chrY	1	auto	447	match	47
HG02602	HG02602	chrY_pat-0000506	HG02602_chrY	-1	auto	448	match	2397
HG02602	HG02602	pat-0000577	HG02602_chrY_random0000577	0	auto	449	match	1719
HG02602	HG02602	pat-0000578	HG02602_chrY_random0000578	0	auto	450	match	891
HG02602	HG02602	pat-0000579	HG02602_chrY_random0000579	0	auto	451	match	562
HG02602	HG02602	pat-0000581	HG02602_chrY_random0000581	0	auto	452	match	1478
HG02602	HG02602	pat-0000582	HG02602_chrY_random0000582	0	auto	453	match	1093
HG02602	HG02602	pat-0000668	HG02602_chrY_random0000668	0	auto	454	match	2315
HG02602	HG02602	pat-0000669	HG02602_chrY_random0000669	0	auto	455	match	251
HG02602	HG02602	pat-0000674	HG02602_chrY_random0000674	0	auto	456	match	2462
HG02602	HG02602	pat-0000675	HG02602_chrY_random0000675	0	auto	457	match	2532
HG02602	HG02602	pat-0000676	HG02602_chrY_random0000676	0	auto	458	match	2631
HG02602	HG02602	pat-0000677	HG02602_chrY_random0000677	0	auto	459	match	793
HG02602	HG02602	pat-0000678	HG02602_chrY_random0000678	0	auto	460	match	651
HG02602	HG02602	pat-0000679	HG02602_chrY_random0000679	0	auto	461	match	134
HG02647	HG02647	chrY_pat-0000655	HG02647_chrY	-1	auto	462	match	1124
HG02647	HG02647	pat-0000803	HG02647_chrY_random0000803	0	auto	463	match	1778
HG02647	HG02647	pat-0000804	HG02647_chrY_random0000804	0	auto	464	match	2213
HG02668	HG02668	chrY_pat-0000504	HG02668_chrY	-1	auto	465	match	862
HG02668	HG02668	chrY_pat-0000487	HG02668_chrY	1	auto	466	match	2904
HG02668	HG02668	pat-0000513	HG02668_chrY_random0000513	0	auto	467	match	1180
HG02668	HG02668	pat-0000514	HG02668_chrY_random0000514	0	auto	468	match	3072
HG02668	HG02668	pat-0000725	HG02668_chrY_random0000725	0	auto	469	match	1200
HG02668	HG02668	pat-0000778	HG02668_chrY_random0000778	0	auto	470	match	1410
HG02668	HG02668	pat-0000816	HG02668_chrY_random0000816	0	auto	471	match	1204
HG02668	HG02668	pat-0000817	HG02668_chrY_random0000817	0	auto	472	match	210
HG02668	HG02668	pat-0000818	HG02668_chrY_random0000818	0	auto	473	match	335
HG02668	HG02668	pat-0000819	HG02668_chrY_random0000819	0	auto	474	match	3820
HG02668	HG02668	pat-0000821	HG02668_chrY_random0000821	0	auto	475	match	1183
HG02698	HG02698	chrY_haplotype1-0000017	HG02698_chrY	1	auto	476	match	2522
HG02698	HG02698	unassigned-0000246	HG02698_chrY_random0000246	0	auto	477	match	761
HG02698	HG02698	unassigned-0000247	HG02698_chrY_random0000247	0	auto	478	match	1163
HG02698	HG02698	unassigned-0000248	HG02698_chrY_random0000248	0	auto	479	match	886
HG02698	HG02698	unassigned-0000557	HG02698_chrY_random0000557	0	auto	480	match	3372
HG02717	HG02717	chrY_mat-0000024	HG02717_chrY	1	auto	481	match	2415
HG02735	HG02735	chrY_haplotype1-0000003	HG02735_chrY	1	auto	482	match	3437
HG02735	HG02735	haplotype2-0000060	HG02735_chrY_random0000060	0	auto	483	match	1302
HG02735	HG02735	unassigned-0000366	HG02735_chrY_random0000366	0	auto	484	match	1976
HG02735	HG02735	unassigned-0001257	HG02735_chrY_random0001257	0	auto	485	match	3366
HG02735	HG02735	unassigned-0001258	HG02735_chrY_random0001258	0	auto	486	match	2746
HG02738	HG02738	chrY_pat-0000697	HG02738_chrY	1	auto	487	match	353
HG02965	HG02965	chrY_haplotype1-0000013	HG02965_chrY	1	auto	488	match	965
HG02965	HG02965	chrY_haplotype2-0000167	HG02965_chrY	1	auto	489	match	261
HG02965	HG02965	haplotype1-0000025	HG02965_chrY_random0000025	0	auto	490	match	3278
HG02965	HG02965	haplotype1-0000035	HG02965_chrY_random0000035	0	auto	491	match	2225
HG02965	HG02965	haplotype1-0000072	HG02965_chrY_random0000072	0	auto	492	match	1232
HG02965	HG02965	haplotype1-0000073	HG02965_chrY_random0000073	0	auto	493	match	333
HG02965	HG02965	haplotype1-0000074	HG02965_chrY_random0000074	0	auto	494	match	884
HG02965	HG02965	haplotype1-0000077	HG02965_chrY_random0000077	0	auto	495	match	3782
HG02965	HG02965	haplotype2-0000162	HG02965_chrY_random0000162	0	auto	496	match	400
HG02965	HG02965	haplotype2-0000181	HG02965_chrY_random0000181	0	auto	497	match	622
HG02965	HG02965	unassigned-0000228	HG02965_chrY_random0000228	0	auto	498	match	171
HG02965	HG02965	unassigned-0000385	HG02965_chrY_random0000385	0	auto	499	match	2327
HG02965	HG02965	unassigned-0000386	HG02965_chrY_random0000386	0	auto	500	match	1651
HG02965	HG02965	unassigned-0000390	HG02965_chrY_random0000390	0	auto	501	match	2715
HG02965	HG02965	unassigned-0000393	HG02965_chrY_random0000393	0	auto	502	match	1614
HG02965	HG02965	unassigned-0000403	HG02965_chrY_random0000403	0	auto	503	match	445
HG02965	HG02965	unassigned-0000530	HG02965_chrY_random0000530	0	auto	504	match	3709
HG02965	HG02965	unassigned-0000531	HG02965_chrY_random0000531	0	auto	505	match	2402
HG02965	HG02965	unassigned-0000557	HG02965_chrY_random0000557	0	auto	506	match	893
HG02965	HG02965	unassigned-0000558	HG02965_chrY_random0000558	0	auto	507	match	2542
HG02965	HG02965	unassigned-0000559	HG02965_chrY_random0000559	0	auto	508	match	2311
HG02965	HG02965	unassigned-0000625	HG02965_chrY_random0000625	0	auto	509	match	3019
HG02965	HG02965	unassigned-0000626	HG02965_chrY_random0000626	0	auto	510	match	587
HG02965	HG02965	unassigned-0000627	HG02965_chrY_random0000627	0	auto	511	match	1650
HG02965	HG02965	unassigned-0000628	HG02965_chrY_random0000628	0	auto	512	match	3358
HG02965	HG02965	unassigned-0000629	HG02965_chrY_random0000629	0	auto	513	match	458
HG02984	HG02984	chrY_haplotype1-0000013	HG02984_chrY	-1	auto	514	match	2816
HG02984	HG02984	haplotype2-0000151	HG02984_chrY_random0000151	0	auto	515	match	2196
HG02984	HG02984	haplotype2-0000152	HG02984_chrY_random0000152	0	auto	516	match	2834
HG02984	HG02984	haplotype2-0000186	HG02984_chrY_random0000186	0	auto	517	match	2372
HG02984	HG02984	haplotype2-0000188	HG02984_chrY_random0000188	0	auto	518	match	564
HG02984	HG02984	haplotype2-0000189	HG02984_chrY_random0000189	0	auto	519	match	591
HG02984	HG02984	haplotype2-0000190	HG02984_chrY_random0000190	0	auto	520	match	2357
HG02984	HG02984	haplotype2-0000191	HG02984_chrY_random0000191	0	auto	521	match	1074
HG02984	HG02984	haplotype2-0000203	HG02984_chrY_random0000203	0	auto	522	match	2419
HG02984	HG02984	haplotype2-0000206	HG02984_chrY_random0000206	0	auto	523	match	1866
HG03017	HG03017	chrY_haplotype1-0000011	HG03017_chrY	-1	auto	524	match	3621
HG03050	HG03050	chrY_pat-0000469	HG03050_chrY	1	auto	525	match	860
HG03050	HG03050	pat-0000537	HG03050_chrY_random0000537	0	auto	526	match	144
HG03098	HG03098	chrY_haplotype1-0000004	HG03098_chrY	1	auto	527	match	1917
HG03098	HG03098	chrY_haplotype1-0000006	HG03098_chrY	1	auto	528	match	85
HG03098	HG03098	haplotype1-0000029	HG03098_chrY_random0000029	0	auto	529	match	3213
HG03098	HG03098	haplotype1-0000031	HG03098_chrY_random0000031	0	auto	530	match	1732
HG03098	HG03098	haplotype1-0000033	HG03098_chrY_random0000033	0	auto	531	match	1791
HG03098	HG03098	haplotype1-0000034	HG03098_chrY_random0000034	0	auto	532	match	2721
HG03098	HG03098	haplotype1-0000035	HG03098_chrY_random0000035	0	auto	533	match	185
HG03098	HG03098	haplotype1-0000036	HG03098_chrY_random0000036	0	auto	534	match	2214
HG03098	HG03098	haplotype1-0000037	HG03098_chrY_random0000037	0	auto	535	match	527
HG03098	HG03098	haplotype1-0000038	HG03098_chrY_random0000038	0	auto	536	match	216
HG03098	HG03098	haplotype1-0000039	HG03098_chrY_random0000039	0	auto	537	match	2130
HG03098	HG03098	haplotype1-0000040	HG03098_chrY_random0000040	0	auto	538	match	1648
HG03098	HG03098	haplotype1-0000041	HG03098_chrY_random0000041	0	auto	539	match	2553
HG03098	HG03098	haplotype1-0000042	HG03098_chrY_random0000042	0	auto	540	match	3914
HG03098	HG03098	haplotype1-0000043	HG03098_chrY_random0000043	0	auto	541	match	2679
HG03098	HG03098	haplotype1-0000044	HG03098_chrY_random0000044	0	auto	542	match	726
HG03098	HG03098	haplotype1-0000045	HG03098_chrY_random0000045	0	auto	543	match	3776
HG03098	HG03098	haplotype1-0000046	HG03098_chrY_random0000046	0	auto	544	match	59
HG03098	HG03098	haplotype1-0000047	HG03098_chrY_random0000047	0	auto	545	match	2445
HG03098	HG03098	haplotype1-0000048	HG03098_chrY_random0000048	0	auto	546	match	557
HG03098	HG03098	haplotype1-0000049	HG03098_chrY_random0000049	0	auto	547	match	20
HG03098	HG03098	haplotype1-0000050	HG03098_chrY_random0000050	0	auto	548	match	2181
HG03098	HG03098	haplotype1-0000051	HG03098_chrY_random0000051	0	auto	549	match	1612
HG03098	HG03098	haplotype1-0000055	HG03098_chrY_random0000055	0	auto	550	match	1657
HG03098	HG03098	haplotype1-0000056	HG03098_chrY_random0000056	0	auto	551	match	990
HG03098	HG03098	haplotype1-0000058	HG03098_chrY_random0000058	0	auto	552	match	674
HG03098	HG03098	haplotype1-0000059	HG03098_chrY_random0000059	0	auto	553	match	1261
HG03098	HG03098	haplotype1-0000060	HG03098_chrY_random0000060	0	auto	554	match	2737
HG03098	HG03098	haplotype1-0000062	HG03098_chrY_random0000062	0	auto	555	match	1215
HG03098	HG03098	haplotype1-0000063	HG03098_chrY_random0000063	0	auto	556	match	1142
HG03098	HG03098	haplotype1-0000064	HG03098_chrY_random0000064	0	auto	557	match	1698
HG03098	HG03098	haplotype1-0000068	HG03098_chrY_random0000068	0	auto	558	match	3047
HG03098	HG03098	haplotype1-0000069	HG03098_chrY_random0000069	0	auto	559	match	275
HG03098	HG03098	haplotype1-0000070	HG03098_chrY_random0000070	0	auto	560	match	1265
HG03098	HG03098	haplotype1-0000071	HG03098_chrY_random0000071	0	auto	561	match	2392
HG03098	HG03098	haplotype1-0000072	HG03098_chrY_random0000072	0	auto	562	match	303
HG03098	HG03098	haplotype1-0000083	HG03098_chrY_random0000083	0	auto	563	match	679
HG03098	HG03098	haplotype2-0000091	HG03098_chrY_random0000091	0	auto	564	match	3496
HG03130	HG03130	chrY_haplotype1-0000006	HG03130_chrY	1	auto	565	match	179
HG03130	HG03130	chrY_haplotype2-0000110	HG03130_chrY	1	auto	566	match	1754
HG03130	HG03130	haplotype1-0000005	HG03130_chrY_random0000005	0	auto	567	match	2060
HG03130	HG03130	haplotype1-0000027	HG03130_chrY_random0000027	0	auto	568	match	3596
HG03130	HG03130	haplotype2-0000124	HG03130_chrY_random0000124	0	auto	569	match	496
HG03130	HG03130	haplotype2-0000125	HG03130_chrY_random0000125	0	auto	570	match	2549
HG03130	HG03130	haplotype2-0000134	HG03130_chrY_random0000134	0	auto	571	match	1933
HG03130	HG03130	unassigned-0000514	HG03130_chrY_random0000514	0	auto	572	match	1748
HG03130	HG03130	unassigned-0000516	HG03130_chrY_random0000516	0	auto	573	match	41
HG03130	HG03130	unassigned-0000517	HG03130_chrY_random0000517	0	auto	574	match	3505
HG03130	HG03130	unassigned-0000520	HG03130_chrY_random0000520	0	auto	575	match	3276
HG03130	HG03130	unassigned-0000521	HG03130_chrY_random0000521	0	auto	576	match	307
HG03130	HG03130	unassigned-0000556	HG03130_chrY_random0000556	0	auto	577	match	998
HG03130	HG03130	unassigned-0000557	HG03130_chrY_random0000557	0	auto	578	match	84
HG03130	HG03130	unassigned-0000558	HG03130_chrY_random0000558	0	auto	579	match	3476
HG03130	HG03130	unassigned-0000574	HG03130_chrY_random0000574	0	auto	580	match	3733
HG03130	HG03130	unassigned-0000861	HG03130_chrY_random0000861	0	auto	581	match	1803
HG03130	HG03130	unassigned-0000862	HG03130_chrY_random0000862	0	auto	582	match	2098
HG03130	HG03130	unassigned-0000863	HG03130_chrY_random0000863	0	auto	583	match	2629
HG03130	HG03130	unassigned-0000864	HG03130_chrY_random0000864	0	auto	584	match	829
HG03130	HG03130	unassigned-0000964	HG03130_chrY_random0000964	0	auto	585	match	2735
HG03130	HG03130	unassigned-0000966	HG03130_chrY_random0000966	0	auto	586	match	2386
HG03130	HG03130	unassigned-0000967	HG03130_chrY_random0000967	0	auto	587	match	1409
HG03209	HG03209	chrY_haplotype1-0000002	HG03209_chrY	1	auto	589	match	2471
HG03209	HG03209	haplotype1-0000008	HG03209_chrY_random0000008	0	auto	590	match	1902
HG03209	HG03209	haplotype2-0000194	HG03209_chrY_random0000194	0	auto	591	match	1689
HG03209	HG03209	haplotype2-0000215	HG03209_chrY_random0000215	0	auto	592	match	559
HG03209	HG03209	haplotype2-0000216	HG03209_chrY_random0000216	0	auto	593	match	1692
HG03209	HG03209	haplotype2-0000232	HG03209_chrY_random0000232	0	auto	594	match	1024
HG03209	HG03209	haplotype2-0000247	HG03209_chrY_random0000247	0	auto	595	match	1667
HG03209	HG03209	haplotype2-0000248	HG03209_chrY_random0000248	0	auto	596	match	1481
HG03209	HG03209	haplotype2-0000249	HG03209_chrY_random0000249	0	auto	597	match	407
HG03209	HG03209	unassigned-0000300	HG03209_chrY_random0000300	0	auto	598	match	575
HG03225	HG03225	chrY_haplotype1-0000015	HG03225_chrY	-1	auto	599	match	1076
HG03471	HG03471	chrY_haplotype1-0000006	HG03471_chrY	1	auto	600	match	1257
HG03492	HG03492	chrY_pat-0000829	HG03492_chrY	-1	auto	601	match	1997
HG03492	HG03492	chrY_pat-0000828	HG03492_chrY	1	auto	602	match	3583
HG03492	HG03492	pat-0000921	HG03492_chrY_random0000921	0	auto	603	match	938
HG03521	HG03521	chrY_haplotype1-0000022	HG03521_chrY	1	auto	604	match	3515
HG03521	HG03521	haplotype2-0000125	HG03521_chrY_random0000125	0	auto	605	match	1187
HG03521	HG03521	haplotype2-0000188	HG03521_chrY_random0000188	0	auto	606	match	364
HG03521	HG03521	haplotype2-0000192	HG03521_chrY_random0000192	0	auto	607	match	2635
HG03521	HG03521	haplotype2-0000193	HG03521_chrY_random0000193	0	auto	608	match	2374
HG03521	HG03521	haplotype2-0000198	HG03521_chrY_random0000198	0	auto	609	match	2700
HG03521	HG03521	haplotype2-0000199	HG03521_chrY_random0000199	0	auto	610	match	141
HG03521	HG03521	haplotype2-0000200	HG03521_chrY_random0000200	0	auto	611	match	2268
HG03521	HG03521	haplotype2-0000201	HG03521_chrY_random0000201	0	auto	612	match	1203
HG03521	HG03521	haplotype2-0000202	HG03521_chrY_random0000202	0	auto	613	match	2830
HG03579	HG03579	chrY_haplotype1-0000023	HG03579_chrY	1	auto	614	match	2304
HG03654	HG03654	chrY_haplotype1-0000012	HG03654_chrY	1	auto	615	match	3085
HG03654	HG03654	haplotype2-0000103	HG03654_chrY_random0000103	0	auto	616	match	3890
HG03654	HG03654	haplotype2-0000104	HG03654_chrY_random0000104	0	auto	617	match	1035
HG03654	HG03654	haplotype2-0000105	HG03654_chrY_random0000105	0	auto	618	match	2755
HG03654	HG03654	haplotype2-0000131	HG03654_chrY_random0000131	0	auto	619	match	1028
HG03654	HG03654	haplotype2-0000202	HG03654_chrY_random0000202	0	auto	620	match	892
HG03654	HG03654	haplotype2-0000203	HG03654_chrY_random0000203	0	auto	621	match	944
HG03654	HG03654	haplotype2-0000204	HG03654_chrY_random0000204	0	auto	622	match	841
HG03710	HG03710	chrY_haplotype1-0000009	HG03710_chrY	1	auto	624	match	111
HG03710	HG03710	haplotype2-0000095	HG03710_chrY_random0000095	0	auto	625	match	906
HG03710	HG03710	haplotype2-0000100	HG03710_chrY_random0000100	0	auto	626	match	2440
HG03710	HG03710	haplotype2-0000101	HG03710_chrY_random0000101	0	auto	627	match	1848
HG03710	HG03710	haplotype2-0000102	HG03710_chrY_random0000102	0	auto	628	match	2044
HG03710	HG03710	haplotype2-0000103	HG03710_chrY_random0000103	0	auto	629	match	2177
HG03710	HG03710	haplotype2-0000104	HG03710_chrY_random0000104	0	auto	630	match	2576
HG03742	HG03742	chrY_haplotype1-0000022	HG03742_chrY	1	auto	631	match	3426
HG03742	HG03742	haplotype2-0000092	HG03742_chrY_random0000092	0	auto	632	match	91
HG03742	HG03742	haplotype2-0000093	HG03742_chrY_random0000093	0	auto	633	match	3083
HG03742	HG03742	haplotype2-0000108	HG03742_chrY_random0000108	0	auto	634	match	1036
HG03742	HG03742	haplotype2-0000109	HG03742_chrY_random0000109	0	auto	635	match	103
HG03742	HG03742	haplotype2-0000115	HG03742_chrY_random0000115	0	auto	636	match	882
HG03742	HG03742	haplotype2-0000116	HG03742_chrY_random0000116	0	auto	637	match	2569
HG03742	HG03742	haplotype2-0000117	HG03742_chrY_random0000117	0	auto	638	match	1510
HG03742	HG03742	haplotype2-0000122	HG03742_chrY_random0000122	0	auto	639	match	1861
HG03742	HG03742	haplotype2-0000142	HG03742_chrY_random0000142	0	auto	640	match	1195
HG03742	HG03742	haplotype2-0000143	HG03742_chrY_random0000143	0	auto	641	match	1818
HG03742	HG03742	haplotype2-0000144	HG03742_chrY_random0000144	0	auto	642	match	3362
HG03742	HG03742	haplotype2-0000146	HG03742_chrY_random0000146	0	auto	643	match	192
HG03742	HG03742	haplotype2-0000147	HG03742_chrY_random0000147	0	auto	644	match	3302
HG03742	HG03742	haplotype2-0000148	HG03742_chrY_random0000148	0	auto	645	match	373
HG03942	HG03942	chrY_pat-0000811	HG03942_chrY	-1	auto	646	match	1977
HG03942	HG03942	chrY_pat-0000813	HG03942_chrY	1	auto	647	match	2237
HG03942	HG03942	pat-0000808	HG03942_chrY_random0000808	0	auto	648	match	1770
HG03942	HG03942	pat-0000809	HG03942_chrY_random0000809	0	auto	649	match	3822
HG03942	HG03942	pat-0000810	HG03942_chrY_random0000810	0	auto	650	match	2023
HG03942	HG03942	pat-0000909	HG03942_chrY_random0000909	0	auto	651	match	121
HG04115	HG04115	chrY_pat-0001036	HG04115_chrY	1	auto	652	match	232
HG04115	HG04115	pat-0001064	HG04115_chrY_random0001064	0	auto	653	match	1700
HG04115	HG04115	pat-0001065	HG04115_chrY_random0001065	0	auto	654	match	585
HG04115	HG04115	pat-0001066	HG04115_chrY_random0001066	0	auto	655	match	1762
HG04115	HG04115	pat-0001067	HG04115_chrY_random0001067	0	auto	656	match	2183
HG04115	HG04115	pat-0001069	HG04115_chrY_random0001069	0	auto	657	match	1293
HG04115	HG04115	pat-0001070	HG04115_chrY_random0001070	0	auto	658	match	2191
HG04115	HG04115	pat-0001103	HG04115_chrY_random0001103	0	auto	659	match	1159
HG04115	HG04115	pat-0001133	HG04115_chrY_random0001133	0	auto	660	match	1096
HG04115	HG04115	pat-0001134	HG04115_chrY_random0001134	0	auto	661	match	1303
HG04115	HG04115	pat-0001147	HG04115_chrY_random0001147	0	auto	662	match	100
HG04115	HG04115	pat-0001148	HG04115_chrY_random0001148	0	auto	663	match	1330
HG04115	HG04115	pat-0001149	HG04115_chrY_random0001149	0	auto	664	match	954
HG04115	HG04115	pat-0001150	HG04115_chrY_random0001150	0	auto	665	match	145
HG04115	HG04115	pat-0001152	HG04115_chrY_random0001152	0	auto	666	match	1048
HG04115	HG04115	pat-0001157	HG04115_chrY_random0001157	0	auto	667	match	412
HG04115	HG04115	pat-0001206	HG04115_chrY_random0001206	0	auto	668	match	1192
HG04115	HG04115	pat-0001207	HG04115_chrY_random0001207	0	auto	669	match	572
HG04115	HG04115	pat-0001208	HG04115_chrY_random0001208	0	auto	670	match	66
HG04115	HG04115	pat-0001209	HG04115_chrY_random0001209	0	auto	671	match	320
HG04115	HG04115	pat-0001210	HG04115_chrY_random0001210	0	auto	672	match	1768
HG04115	HG04115	pat-0001211	HG04115_chrY_random0001211	0	auto	673	match	1943
HG04115	HG04115	pat-0001217	HG04115_chrY_random0001217	0	auto	674	match	1
HG04115	HG04115	pat-0001219	HG04115_chrY_random0001219	0	auto	675	match	2602
HG04115	HG04115	pat-0001221	HG04115_chrY_random0001221	0	auto	676	match	1913
HG04115	HG04115	pat-0001222	HG04115_chrY_random0001222	0	auto	677	match	1482
HG04115	HG04115	pat-0001224	HG04115_chrY_random0001224	0	auto	678	match	287
HG04157	HG04157	chrY_haplotype1-0000029	HG04157_chrY	1	auto	679	match	1539
HG04157	HG04157	chrY_haplotype1-0000023	HG04157_chrY	1	auto	680	match	1687
HG04157	HG04157	chrY_haplotype2-0000084	HG04157_chrY	1	auto	681	match	1874
HG04157	HG04157	haplotype2-0000083	HG04157_chrY_random0000083	0	auto	682	match	181
HG04157	HG04157	haplotype2-0000143	HG04157_chrY_random0000143	0	auto	683	match	2921
HG04157	HG04157	haplotype2-0000150	HG04157_chrY_random0000150	0	auto	684	match	367
HG04157	HG04157	haplotype2-0000167	HG04157_chrY_random0000167	0	auto	685	match	775
HG04157	HG04157	haplotype2-0000168	HG04157_chrY_random0000168	0	auto	686	match	189
HG04157	HG04157	unassigned-0000769	HG04157_chrY_random0000769	0	auto	687	match	2285
HG04157	HG04157	unassigned-0000801	HG04157_chrY_random0000801	0	auto	688	match	3535
HG04157	HG04157	unassigned-0000802	HG04157_chrY_random0000802	0	auto	689	match	1050
HG04157	HG04157	unassigned-0000821	HG04157_chrY_random0000821	0	auto	690	match	3479
HG04157	HG04157	unassigned-0000822	HG04157_chrY_random0000822	0	auto	691	match	1456
HG04160	HG04160	chrY_haplotype1-0000022	HG04160_chrY	1	auto	692	match	3760
HG04160	HG04160	haplotype1-0000015	HG04160_chrY_random0000015	0	auto	693	match	3087
HG04160	HG04160	haplotype2-0000188	HG04160_chrY_random0000188	0	auto	694	match	2231
HG04199	HG04199	chrY_haplotype1-0000001	HG04199_chrY	1	auto	701	match	288
HG04199	HG04199	haplotype2-0000138	HG04199_chrY_random0000138	0	auto	702	match	1411
HG04199	HG04199	haplotype2-0000139	HG04199_chrY_random0000139	0	auto	703	match	603
HG04199	HG04199	haplotype2-0000140	HG04199_chrY_random0000140	0	auto	704	match	1117
HG04204	HG04204	chrY_haplotype1-0000022	HG04204_chrY	1	auto	705	match	2686
HG04204	HG04204	haplotype1-0000146	HG04204_chrY_random0000146	0	auto	706	match	1137
HG04204	HG04204	haplotype1-0000147	HG04204_chrY_random0000147	0	auto	707	match	696
HG04204	HG04204	haplotype1-0000148	HG04204_chrY_random0000148	0	auto	708	match	23
HG04228	HG04228	chrY_haplotype1-0000011	HG04228_chrY	1	auto	709	match	3907
NA18522	NA18522	chrY_haplotype1-0000020	NA18522_chrY	1	auto	710	match	3277
NA18612	NA18612	chrY_haplotype2-0000088	NA18612_chrY	-1	auto	712	match	1006
NA18612	NA18612	chrY_haplotype1-0000005	NA18612_chrY	1	auto	713	match	1636
NA18612	NA18612	haplotype2-0000257	NA18612_chrY_random0000257	0	auto	714	match	1256
NA18612	NA18612	haplotype2-0000259	NA18612_chrY_random0000259	0	auto	715	match	55
NA18612	NA18612	haplotype2-0000260	NA18612_chrY_random0000260	0	auto	716	match	2882
NA18612	NA18612	haplotype2-0000276	NA18612_chrY_random0000276	0	auto	717	match	2354
NA18612	NA18612	haplotype2-0000278	NA18612_chrY_random0000278	0	auto	718	match	362
NA18620	NA18620	chrY_haplotype1-0000001	NA18620_chrY	1	auto	719	match	874
NA18620	NA18620	chrY_unassigned-0000173	NA18620_chrY	1	auto	720	match	15
NA18620	NA18620	haplotype1-0000007	NA18620_chrY_random0000007	0	auto	721	match	1054
NA18620	NA18620	haplotype1-0000008	NA18620_chrY_random0000008	0	auto	722	match	1249
NA18620	NA18620	haplotype1-0000010	NA18620_chrY_random0000010	0	auto	723	match	1292
NA18620	NA18620	haplotype1-0000033	NA18620_chrY_random0000033	0	auto	724	match	532
NA18620	NA18620	haplotype2-0000053	NA18620_chrY_random0000053	0	auto	725	match	1915
NA18620	NA18620	haplotype2-0000054	NA18620_chrY_random0000054	0	auto	726	match	858
NA18620	NA18620	haplotype2-0000055	NA18620_chrY_random0000055	0	auto	727	match	3648
NA18620	NA18620	unassigned-0000174	NA18620_chrY_random0000174	0	auto	728	match	3022
NA18620	NA18620	unassigned-0000175	NA18620_chrY_random0000175	0	auto	729	match	242
NA18620	NA18620	unassigned-0000278	NA18620_chrY_random0000278	0	auto	730	match	3856
NA18620	NA18620	unassigned-0000280	NA18620_chrY_random0000280	0	auto	731	match	844
NA18620	NA18620	unassigned-0000544	NA18620_chrY_random0000544	0	auto	732	match	1396
NA18620	NA18620	unassigned-0000754	NA18620_chrY_random0000754	0	auto	733	match	401
NA18620	NA18620	unassigned-0000778	NA18620_chrY_random0000778	0	auto	734	match	2283
NA18620	NA18620	unassigned-0000779	NA18620_chrY_random0000779	0	auto	735	match	221
NA18620	NA18620	unassigned-0000780	NA18620_chrY_random0000780	0	auto	736	match	2244
NA18620	NA18620	unassigned-0000781	NA18620_chrY_random0000781	0	auto	737	match	645
NA18747	NA18747	chrY_haplotype1-0000010	NA18747_chrY	1	auto	738	match	3297
NA18879	NA18879	chrY_haplotype1-0000021	NA18879_chrY	1	auto	739	match	1623
NA18879	NA18879	haplotype2-0000089	NA18879_chrY_random0000089	0	auto	740	match	2979
NA18952	NA18952	chrY_haplotype1-0000008	NA18952_chrY	-1	auto	741	match	522
NA18952	NA18952	unassigned-0000191	NA18952_chrY_random0000191	0	auto	742	match	1668
NA18974	NA18974	haplotype2-0000117	NA18974_chrY_random0000117	0	auto	746	no-match	-1
NA18974	NA18974	haplotype2-0000118	NA18974_chrY_random0000118	0	auto	747	no-match	-1
NA18974	NA18974	haplotype2-0000119	NA18974_chrY_random0000119	0	auto	748	no-match	-1
NA18974	NA18974	haplotype2-0000120	NA18974_chrY_random0000120	0	auto	749	no-match	-1
NA18974	NA18974	haplotype2-0000123	NA18974_chrY_random0000123	0	auto	750	no-match	-1
NA18974	NA18974	haplotype2-0000124	NA18974_chrY_random0000124	0	auto	751	no-match	-1
NA18974	NA18974	haplotype2-0000125	NA18974_chrY_random0000125	0	auto	752	no-match	-1
NA18974	NA18974	haplotype2-0000126	NA18974_chrY_random0000126	0	auto	753	no-match	-1
NA18974	NA18974	haplotype2-0000132	NA18974_chrY_random0000132	0	auto	754	no-match	-1
NA18974	NA18974	haplotype2-0000133	NA18974_chrY_random0000133	0	auto	755	no-match	-1
NA18983	NA18983	chrY_haplotype1-0000006	NA18983_chrY	1	auto	756	match	1759
NA19043	NA19043	chrY_haplotype1-0000017	NA19043_chrY	1	auto	757	match	18
NA19043	NA19043	haplotype2-0000144	NA19043_chrY_random0000144	0	auto	758	match	3011
NA19443	NA19443	chrY_haplotype1-0000025	NA19443_chrY	1	auto	759	match	533
NA19443	NA19443	chrY_haplotype2-0000191	NA19443_chrY	1	auto	760	match	224
NA19443	NA19443	haplotype2-0000225	NA19443_chrY_random0000225	0	auto	761	match	49
NA19443	NA19443	haplotype2-0000226	NA19443_chrY_random0000226	0	auto	762	match	1237
NA19443	NA19443	haplotype2-0000271	NA19443_chrY_random0000271	0	auto	763	match	2228
NA19443	NA19443	unassigned-0000305	NA19443_chrY_random0000305	0	auto	764	match	2845
NA19443	NA19443	unassigned-0000306	NA19443_chrY_random0000306	0	auto	765	match	921
NA19682	NA19682	chrY_haplotype1-0000008	NA19682_chrY	-1	auto	766	match	1643
NA19700	NA19700	chrY_haplotype1-0000009	NA19700_chrY	1	auto	767	match	3704
NA19700	NA19700	haplotype2-0000217	NA19700_chrY_random0000217	0	auto	768	match	1723
NA19700	NA19700	haplotype2-0000218	NA19700_chrY_random0000218	0	auto	769	match	1746
NA19700	NA19700	haplotype2-0000219	NA19700_chrY_random0000219	0	auto	770	match	2929
NA20346	NA20346	chrY_haplotype1-0000017	NA20346_chrY	1	auto	771	match	2437
NA20346	NA20346	haplotype2-0000177	NA20346_chrY_random0000177	0	auto	772	match	819
NA20346	NA20346	haplotype2-0000178	NA20346_chrY_random0000178	0	auto	773	match	2701
NA20346	NA20346	haplotype2-0000179	NA20346_chrY_random0000179	0	auto	774	match	1930
NA20346	NA20346	haplotype2-0000180	NA20346_chrY_random0000180	0	auto	775	match	3160
NA20346	NA20346	haplotype2-0000182	NA20346_chrY_random0000182	0	auto	776	match	1610
NA20346	NA20346	haplotype2-0000183	NA20346_chrY_random0000183	0	auto	777	match	321
NA20346	NA20346	haplotype2-0000184	NA20346_chrY_random0000184	0	auto	778	match	1149
NA20346	NA20346	haplotype2-0000185	NA20346_chrY_random0000185	0	auto	779	match	355
NA20752	NA20752	chrY_haplotype1-0000011	NA20752_chrY	-1	auto	780	match	2695
NA20805	NA20805	chrY_haplotype1-0000003	NA20805_chrY	1	auto	781	match	3242
NA20805	NA20805	haplotype1-0000009	NA20805_chrY_random0000009	0	auto	782	match	3323
NA20805	NA20805	haplotype1-0000028	NA20805_chrY_random0000028	0	auto	783	match	597
NA20805	NA20805	haplotype1-0000029	NA20805_chrY_random0000029	0	auto	784	match	2889
NA20805	NA20805	haplotype1-0000030	NA20805_chrY_random0000030	0	auto	785	match	3347
NA20805	NA20805	haplotype1-0000031	NA20805_chrY_random0000031	0	auto	786	match	1488
NA20805	NA20805	haplotype1-0000032	NA20805_chrY_random0000032	0	auto	787	match	1356
NA20805	NA20805	haplotype1-0000034	NA20805_chrY_random0000034	0	auto	788	match	582
NA20805	NA20805	haplotype1-0000035	NA20805_chrY_random0000035	0	auto	789	match	2843
NA20809	NA20809	chrY_haplotype1-0000030	NA20809_chrY	1	auto	790	match	3346
NA20809	NA20809	chrY_haplotype2-0000094	NA20809_chrY	1	auto	791	match	72
NA20809	NA20809	haplotype2-0000126	NA20809_chrY_random0000126	0	auto	792	match	2774
NA20809	NA20809	unassigned-0000143	NA20809_chrY_random0000143	0	auto	793	match	1580
NA20809	NA20809	unassigned-0000144	NA20809_chrY_random0000144	0	auto	794	match	2742
NA20809	NA20809	unassigned-0000145	NA20809_chrY_random0000145	0	auto	795	match	1309
NA20809	NA20809	unassigned-0000146	NA20809_chrY_random0000146	0	auto	796	match	1191
NA20809	NA20809	unassigned-0000258	NA20809_chrY_random0000258	0	auto	797	match	3272
NA20809	NA20809	unassigned-0000259	NA20809_chrY_random0000259	0	auto	798	match	2133
NA20809	NA20809	unassigned-0000260	NA20809_chrY_random0000260	0	auto	799	match	1222
NA20809	NA20809	unassigned-0000261	NA20809_chrY_random0000261	0	auto	800	match	3474
NA20809	NA20809	unassigned-0000445	NA20809_chrY_random0000445	0	auto	801	match	2991
NA20850	NA20850	chrY_haplotype1-0000018	NA20850_chrY	1	auto	802	match	988
NA20870	NA20870	chrY_haplotype1-0000014	NA20870_chrY	-1	auto	803	match	695
NA20905	NA20905	chrY_haplotype1-0000006	NA20905_chrY	1	auto	804	match	2107
NA20905	NA20905	haplotype1-0000046	NA20905_chrY_random0000046	0	auto	805	match	349
NA21093	NA21093	chrY_haplotype1-0000021	NA21093_chrY	1	auto	806	match	3405
NA21093	NA21093	haplotype1-0000020	NA21093_chrY_random0000020	0	auto	807	match	2094
NA21093	NA21093	haplotype2-0000199	NA21093_chrY_random0000199	0	auto	808	match	62
NA21093	NA21093	haplotype2-0000200	NA21093_chrY_random0000200	0	auto	809	match	126
NA21093	NA21093	haplotype2-0000201	NA21093_chrY_random0000201	0	auto	810	match	1335
NA21093	NA21093	haplotype2-0000202	NA21093_chrY_random0000202	0	auto	811	match	160
NA21093	NA21093	haplotype2-0000203	NA21093_chrY_random0000203	0	auto	812	match	701
